,MODZCTA,Positive,Total,zcta_cum.perc_pos,Zip,City,State,Latitude,Longitude,geopoint,0,id,Geographic Area Name,Total_HOUSEHOLD SIZE,1-person household,2-person household,3-person household,4-person household,5-person household,6-person household,7-or-more-person household
0,10001.0,231,480,48.12,10001,New York,NY,40.750741999999995,-73.99653,"40.750742,-73.99653",1455,8710000US3610001,"ZCTA5 10001, New York",11031,53.44,31.22,8.87,4.4,1.21,0.61,0.26
1,10002.0,578,1094,52.83,10002,New York,NY,40.717040000000004,-73.987,"40.71704,-73.987",912,8710000US3610002,"ZCTA5 10002, New York",32925,35.53,29.4,14.27,10.15,5.38,2.57,2.7
2,10003.0,290,692,41.91,10003,New York,NY,40.732509,-73.98935,"40.732509,-73.98935",960,8710000US3610003,"ZCTA5 10003, New York",28559,56.26,30.82,8.24,3.63,0.79,0.18,0.08
3,10005.0,40,122,32.79,10005,New York,NY,40.706019,-74.00858000000001,"40.706019,-74.00858",1652,8710000US3610005,"ZCTA5 10005, New York",4251,50.04,37.07,9.1,3.13,0.54,0.09,0.02
4,10006.0,11,46,23.91,10006,New York,NY,40.707904,-74.01342,"40.707904,-74.01342",55,8710000US3610006,"ZCTA5 10006, New York",1791,49.58,37.52,9.21,2.85,0.56,0.28,0.0
5,10007.0,35,112,31.25,10007,New York,NY,40.714754,-74.00721,"40.714754,-74.00721",86,8710000US3610007,"ZCTA5 10007, New York",2840,37.04,33.94,14.58,11.27,2.82,0.35,0.0
6,10009.0,407,918,44.34,10009,New York,NY,40.727093,-73.97864,"40.727093,-73.97864",1196,8710000US3610009,"ZCTA5 10009, New York",30182,42.52,32.84,14.21,6.66,2.24,0.87,0.66
7,10010.0,175,486,36.01,10010,New York,NY,40.739022,-73.98205,"40.739022,-73.98205",597,8710000US3610010,"ZCTA5 10010, New York",16556,53.24,32.13,9.21,4.23,0.85,0.25,0.1
8,10011.0,365,755,48.34,10011,New York,NY,40.741012,-74.00012,"40.741012,-74.00012",1587,8710000US3610011,"ZCTA5 10011, New York",30294,58.48,29.54,6.81,3.74,0.97,0.28,0.18
9,10012.0,101,293,34.47,10012,New York,NY,40.72596,-73.99834,"40.72596,-73.99834",1230,8710000US3610012,"ZCTA5 10012, New York",13338,52.62,32.7,8.43,4.5,1.19,0.33,0.22
10,10013.0,166,374,44.39,10013,New York,NY,40.720665999999994,-74.00525999999999,"40.720666,-74.00526",1361,8710000US3610013,"ZCTA5 10013, New York",12096,39.2,32.01,13.93,9.78,3.1,1.17,0.81
11,10014.0,216,472,45.76,10014,New York,NY,40.734718,-74.00532,"40.734718,-74.00532",734,8710000US3610014,"ZCTA5 10014, New York",19790,58.65,30.1,6.8,3.28,0.91,0.18,0.08
12,10016.0,454,1044,43.49,10016,New York,NY,40.746179999999995,-73.97759,"40.74618,-73.97759",1061,8710000US3610016,"ZCTA5 10016, New York",32173,54.61,33.04,8.32,3.11,0.65,0.19,0.08
13,10017.0,95,273,34.8,10017,New York,NY,40.752159000000006,-73.97231,"40.752159,-73.97231",1518,8710000US3610017,"ZCTA5 10017, New York",10763,62.0,28.06,6.55,2.66,0.57,0.12,0.05
14,10018.0,159,339,46.9,10018,New York,NY,40.755101,-73.99337,"40.755101,-73.99337",832,8710000US3610018,"ZCTA5 10018, New York",3065,56.51,29.76,8.94,3.07,1.14,0.49,0.1
15,10019.0,350,787,44.47,10019,New York,NY,40.765714,-73.9856,"40.765714,-73.9856",519,8710000US3610019,"ZCTA5 10019, New York",25905,56.01,31.51,7.8,3.37,0.8,0.32,0.19
16,10021.0,400,1011,39.56,10021,New York,NY,40.76842,-73.96045,"40.76842,-73.96045",344,8710000US3610021,"ZCTA5 10021, New York",24734,54.47,29.9,8.01,5.67,1.57,0.3,0.08
17,10022.0,231,584,39.55,10022,New York,NY,40.759015000000005,-73.96732,"40.759015,-73.96732",1709,8710000US3610022,"ZCTA5 10022, New York",19253,56.39,31.81,6.81,4.02,0.75,0.17,0.05
18,10023.0,368,900,40.89,10023,New York,NY,40.776099,-73.98285,"40.776099,-73.98285",809,8710000US3610023,"ZCTA5 10023, New York",34383,54.27,29.42,8.72,5.64,1.54,0.3,0.12
19,10024.0,400,1035,38.65,10024,New York,NY,40.786387,-73.97709,"40.786387,-73.97709",716,8710000US3610024,"ZCTA5 10024, New York",30836,48.11,31.02,10.07,7.67,2.38,0.53,0.23
20,10025.0,685,1544,44.37,10025,New York,NY,40.798502,-73.96811,"40.798502,-73.96811",157,8710000US3610025,"ZCTA5 10025, New York",44432,44.54,30.86,12.79,7.96,2.56,0.73,0.55
21,10026.0,334,650,51.38,10026,New York,NY,40.802853000000006,-73.95470999999999,"40.802853,-73.95471",1657,8710000US3610026,"ZCTA5 10026, New York",14199,38.05,28.48,15.15,9.88,4.75,1.89,1.8
22,10027.0,496,949,52.27,10027,New York,NY,40.812665,-73.95499000000001,"40.812665,-73.95499",291,8710000US3610027,"ZCTA5 10027, New York",22839,37.94,29.75,14.88,9.45,4.63,1.8,1.56
23,10028.0,330,844,39.1,10028,New York,NY,40.776777,-73.9541,"40.776777,-73.9541",1403,8710000US3610028,"ZCTA5 10028, New York",25158,51.63,30.3,8.8,6.82,1.91,0.46,0.08
24,10029.0,889,1654,53.75,10029,New York,NY,40.791585999999995,-73.94575,"40.791586,-73.94575",468,8710000US3610029,"ZCTA5 10029, New York",29378,34.55,27.96,16.1,10.58,5.74,2.71,2.35
25,10030.0,289,467,61.88,10030,New York,NY,40.818151,-73.94351,"40.818151,-73.94351",353,8710000US3610030,"ZCTA5 10030, New York",11395,41.64,24.74,14.36,9.94,4.91,2.23,2.18
26,10031.0,660,1017,64.9,10031,New York,NY,40.826201,-73.94879,"40.826201,-73.94879",626,8710000US3610031,"ZCTA5 10031, New York",20638,31.14,25.37,16.69,11.62,7.04,3.89,4.26
27,10032.0,775,1262,61.41,10032,New York,NY,40.840686,-73.94154,"40.840686,-73.94154",1,8710000US3610032,"ZCTA5 10032, New York",20228,28.67,25.45,17.33,12.65,7.48,4.04,4.38
28,10033.0,671,1080,62.13,10033,New York,NY,40.848764,-73.93496,"40.848764,-73.93496",869,8710000US3610033,"ZCTA5 10033, New York",18975,26.96,27.17,17.4,12.98,7.52,3.77,4.21
29,10034.0,367,646,56.81,10034,New York,NY,40.867653000000004,-73.92,"40.867653,-73.92",1304,8710000US3610034,"ZCTA5 10034, New York",15007,30.88,28.13,17.0,11.75,6.38,3.15,2.71
30,10035.0,475,852,55.75,10035,New York,NY,40.802395000000004,-73.93359,"40.802395,-73.93359",1072,8710000US3610035,"ZCTA5 10035, New York",12775,38.72,25.01,14.52,9.62,6.12,2.99,3.01
31,10036.0,241,523,46.08,10036,New York,NY,40.759510999999996,-73.99019,"40.759511,-73.99019",1529,8710000US3610036,"ZCTA5 10036, New York",15183,58.74,29.55,7.56,2.93,0.8,0.2,0.22
32,10037.0,246,427,57.61,10037,New York,NY,40.813385,-73.93616,"40.813385,-73.93616",1043,8710000US3610037,"ZCTA5 10037, New York",8885,50.39,26.78,11.84,6.53,2.75,1.18,0.54
33,10038.0,159,314,50.64,10038,New York,NY,40.709677,-74.00365,"40.709677,-74.00365",555,8710000US3610038,"ZCTA5 10038, New York",9410,40.14,37.66,12.24,6.48,2.0,0.69,0.79
34,10039.0,277,504,54.96,10039,New York,NY,40.826181,-73.9371,"40.826181,-73.9371",643,8710000US3610039,"ZCTA5 10039, New York",10070,34.57,28.57,16.67,10.28,5.19,2.56,2.15
35,10040.0,532,829,64.17,10040,New York,NY,40.858703999999996,-73.92853000000001,"40.858704,-73.92853",1436,8710000US3610040,"ZCTA5 10040, New York",15718,31.09,26.81,16.67,12.73,6.64,3.16,2.9
36,10044.0,95,207,45.89,10044,New York,NY,40.762174,-73.94917,"40.762174,-73.94917",1792,8710000US3610044,"ZCTA5 10044, New York",4501,37.86,31.53,15.04,10.31,3.31,1.22,0.73
37,10069.0,37,96,38.54,10069,New York,NY,40.775477,-73.9905,"40.775477,-73.9905",782,8710000US3610069,"ZCTA5 10069, New York",2696,43.36,34.05,11.5,8.9,1.89,0.26,0.04
38,10128.0,424,1075,39.44,10128,New York,NY,40.781894,-73.95039,"40.781894,-73.95039",1350,8710000US3610128,"ZCTA5 10128, New York",32306,47.77,31.94,10.88,6.77,2.1,0.43,0.11
39,10280.0,30,87,34.48,10280,New York,NY,40.707467,-74.0178,"40.707467,-74.0178",1472,8710000US3610280,"ZCTA5 10280, New York",4053,41.65,35.36,13.42,7.45,1.65,0.37,0.1
40,10282.0,50,99,50.51,10282,New York,NY,40.717178999999994,-74.01433,"40.717179,-74.01433",847,8710000US3610282,"ZCTA5 10282, New York",2215,34.99,32.51,16.98,13.0,2.26,0.18,0.09
41,10301.0,660,1224,53.92,10301,Staten Island,NY,40.631775,-74.09432,"40.631775,-74.09432",1273,8710000US3610301,"ZCTA5 10301, New York",14719,33.64,27.67,15.02,12.03,6.16,2.83,2.64
42,10302.0,353,662,53.32,10302,Staten Island,NY,40.631127,-74.13715,"40.631127,-74.13715",1412,8710000US3610302,"ZCTA5 10302, New York",6002,23.28,22.69,16.34,16.03,10.21,5.15,6.3
43,10303.0,527,942,55.94,10303,Staten Island,NY,40.629448,-74.16239,"40.629448,-74.16239",985,8710000US3610303,"ZCTA5 10303, New York",8239,19.74,22.68,19.76,16.39,10.79,5.49,5.16
44,10304.0,834,1623,51.39,10304,Staten Island,NY,40.60787,-74.08991,"40.60787,-74.08991",1466,8710000US3610304,"ZCTA5 10304, New York",14438,25.23,25.6,18.38,15.07,8.44,3.98,3.3
45,10305.0,746,1591,46.89,10305,Staten Island,NY,40.599021,-74.07503,"40.599021,-74.07503",1653,8710000US3610305,"ZCTA5 10305, New York",15145,25.98,27.21,17.96,16.24,7.63,2.96,2.03
46,10306.0,941,2098,44.85,10306,Staten Island,NY,40.569394,-74.11785,"40.569394,-74.11785",485,8710000US3610306,"ZCTA5 10306, New York",20856,25.13,28.9,17.83,16.95,7.48,2.43,1.27
47,10307.0,255,541,47.13,10307,Staten Island,NY,40.508274,-74.24387,"40.508274,-74.24387",1742,8710000US3610307,"ZCTA5 10307, New York",4925,22.86,25.18,17.4,19.78,10.03,3.39,1.36
48,10308.0,450,1055,42.65,10308,Staten Island,NY,40.551353000000006,-74.15098,"40.551353,-74.15098",71,8710000US3610308,"ZCTA5 10308, New York",10142,22.71,29.76,18.1,18.69,7.63,2.17,0.94
49,10309.0,594,1345,44.16,10309,Staten Island,NY,40.529749,-74.21304,"40.529749,-74.21304",1128,8710000US3610309,"ZCTA5 10309, New York",10962,21.04,25.98,18.34,21.05,9.18,3.13,1.3
50,10310.0,413,876,47.15,10310,Staten Island,NY,40.63212,-74.11551,"40.63212,-74.11551",1787,8710000US3610310,"ZCTA5 10310, New York",8361,23.45,24.61,17.44,16.76,9.86,3.9,3.98
51,10312.0,1065,2225,47.87,10312,Staten Island,NY,40.543116999999995,-74.17628,"40.543117,-74.17628",937,8710000US3610312,"ZCTA5 10312, New York",21018,20.36,28.36,19.24,19.26,8.78,2.84,1.17
52,10314.0,1679,3460,48.53,10314,Staten Island,NY,40.606336999999996,-74.14513000000001,"40.606337,-74.14513",565,8710000US3610314,"ZCTA5 10314, New York",30709,23.57,29.35,18.12,16.13,7.88,2.92,2.04
53,10451.0,855,1411,60.6,10451,Bronx,NY,40.819728999999995,-73.9223,"40.819729,-73.9223",1678,8710000US3610451,"ZCTA5 10451, New York",17106,32.46,23.89,16.85,12.55,7.3,3.64,3.32
54,10452.0,1156,1770,65.31,10452,Bronx,NY,40.838745,-73.92234,"40.838745,-73.92234",1295,8710000US3610452,"ZCTA5 10452, New York",24796,23.91,22.02,19.62,15.99,9.69,4.5,4.27
55,10453.0,1234,1972,62.58,10453,Bronx,NY,40.853017,-73.91214000000001,"40.853017,-73.91214",1335,8710000US3610453,"ZCTA5 10453, New York",25307,23.23,22.29,19.82,15.92,9.67,4.73,4.34
56,10454.0,583,925,63.03,10454,Bronx,NY,40.805968,-73.91628,"40.805968,-73.91628",918,8710000US3610454,"ZCTA5 10454, New York",11978,26.14,21.68,18.08,13.68,9.48,5.23,5.7
57,10455.0,626,998,62.73,10455,Bronx,NY,40.815559,-73.90771,"40.815559,-73.90771",1133,8710000US3610455,"ZCTA5 10455, New York",12880,25.13,22.42,18.45,14.77,9.74,5.01,4.48
58,10456.0,1250,2024,61.76,10456,Bronx,NY,40.829676,-73.90856,"40.829676,-73.90856",212,8710000US3610456,"ZCTA5 10456, New York",28122,25.01,22.32,18.9,14.79,9.63,4.84,4.51
59,10457.0,1069,1704,62.73,10457,Bronx,NY,40.846745,-73.89860999999999,"40.846745,-73.89861",264,8710000US3610457,"ZCTA5 10457, New York",22873,25.28,22.08,18.77,15.46,9.35,4.69,4.37
60,10458.0,1060,1813,58.47,10458,Bronx,NY,40.864166,-73.88880999999999,"40.864166,-73.88881",658,8710000US3610458,"ZCTA5 10458, New York",26201,26.21,22.61,18.83,14.96,8.81,4.4,4.18
61,10459.0,808,1296,62.35,10459,Bronx,NY,40.825432,-73.89327,"40.825432,-73.89327",698,8710000US3610459,"ZCTA5 10459, New York",15398,24.74,21.47,19.85,15.53,9.59,4.6,4.21
62,10460.0,847,1427,59.36,10460,Bronx,NY,40.84095,-73.88036,"40.84095,-73.88036",359,8710000US3610460,"ZCTA5 10460, New York",19512,26.51,22.41,19.52,14.8,8.86,4.11,3.8
63,10461.0,1083,2014,53.77,10461,Bronx,NY,40.842917,-73.83819,"40.842917,-73.83819",1329,8710000US3610461,"ZCTA5 10461, New York",19772,33.5,27.72,16.35,12.68,5.92,2.22,1.61
64,10462.0,1284,2306,55.68,10462,Bronx,NY,40.842172999999995,-73.85862,"40.842173,-73.85862",625,8710000US3610462,"ZCTA5 10462, New York",29855,32.34,26.84,17.25,12.35,6.26,2.57,2.39
65,10463.0,964,1965,49.06,10463,Bronx,NY,40.881085999999996,-73.90749,"40.881086,-73.90749",56,8710000US3610463,"ZCTA5 10463, New York",28408,36.19,29.28,15.57,11.0,4.76,1.86,1.34
66,10464.0,79,203,38.92,10464,Bronx,NY,40.857017,-73.78903000000001,"40.857017,-73.78903",1519,8710000US3610464,"ZCTA5 10464, New York",2089,38.58,31.31,14.27,10.29,3.49,1.48,0.57
67,10465.0,927,1906,48.64,10465,Bronx,NY,40.825727,-73.81752,"40.825727,-73.81752",1589,8710000US3610465,"ZCTA5 10465, New York",15770,28.0,29.56,17.71,13.82,7.02,2.47,1.42
68,10466.0,1361,2284,59.59,10466,Bronx,NY,40.89095,-73.84702,"40.89095,-73.84702",117,8710000US3610466,"ZCTA5 10466, New York",23318,24.27,24.78,19.95,14.97,8.79,3.87,3.37
69,10467.0,1918,3135,61.18,10467,Bronx,NY,40.872265000000006,-73.86936999999999,"40.872265,-73.86937",709,8710000US3610467,"ZCTA5 10467, New York",35524,30.39,24.97,17.64,13.08,7.48,3.51,2.95
70,10468.0,1343,2033,66.06,10468,Bronx,NY,40.867107,-73.89916,"40.867107,-73.89916",1036,8710000US3610468,"ZCTA5 10468, New York",24909,24.89,22.42,18.82,15.78,9.19,4.46,4.45
71,10469.0,1670,2688,62.13,10469,Bronx,NY,40.868643,-73.84735,"40.868643,-73.84735",341,8710000US3610469,"ZCTA5 10469, New York",22554,24.77,25.67,18.9,15.0,8.72,3.74,3.21
72,10470.0,279,510,54.71,10470,Bronx,NY,40.900628999999995,-73.86072,"40.900629,-73.86072",201,8710000US3610470,"ZCTA5 10470, New York",6390,35.27,28.15,16.49,10.63,5.7,2.07,1.69
73,10471.0,319,716,44.55,10471,Bronx,NY,40.900819,-73.90347,"40.900819,-73.90347",1636,8710000US3610471,"ZCTA5 10471, New York",9305,41.36,30.25,13.37,9.43,3.59,1.32,0.68
74,10472.0,1014,1568,64.67,10472,Bronx,NY,40.830409,-73.86845,"40.830409,-73.86845",903,8710000US3610472,"ZCTA5 10472, New York",22002,24.89,22.43,18.7,15.34,9.75,4.4,4.49
75,10473.0,1143,1940,58.92,10473,Bronx,NY,40.818514,-73.85893,"40.818514,-73.85893",1628,8710000US3610473,"ZCTA5 10473, New York",20571,25.46,25.22,19.13,14.57,8.62,3.74,3.24
76,10474.0,182,283,64.31,10474,Bronx,NY,40.81321,-73.88755,"40.81321,-73.88755",285,8710000US3610474,"ZCTA5 10474, New York",3633,21.52,22.32,19.19,17.2,9.66,4.84,5.26
77,10475.0,1021,1825,55.95,10475,Bronx,NY,40.878522,-73.82540999999999,"40.878522,-73.82541",1208,8710000US3610475,"ZCTA5 10475, New York",18534,40.56,29.16,14.95,9.22,3.81,1.52,0.78
78,11004.0,348,547,63.62,11004,Glen Oaks,NY,40.742944,-73.70956,"40.742944,-73.70956",1783,8710000US3611004,"ZCTA5 11004, New York",4975,31.24,27.44,15.24,14.79,6.27,2.49,2.53
79,11101.0,364,707,51.49,11101,Long Island City,NY,40.745340999999996,-73.93907,"40.745341,-73.93907",1394,8710000US3611101,"ZCTA5 11101, New York",10429,32.56,33.45,15.23,9.73,4.84,2.23,1.96
80,11102.0,326,579,56.3,11102,Astoria,NY,40.771285999999996,-73.92461999999999,"40.771286,-73.92462",1215,8710000US3611102,"ZCTA5 11102, New York",14083,33.3,32.13,14.96,9.71,5.08,2.49,2.33
81,11103.0,313,563,55.6,11103,Astoria,NY,40.762968,-73.91091,"40.762968,-73.91091",101,8710000US3611103,"ZCTA5 11103, New York",16890,33.55,34.31,15.07,9.7,4.09,1.8,1.49
82,11104.0,279,465,60.0,11104,Sunnyside,NY,40.743796,-73.91949,"40.743796,-73.91949",161,8710000US3611104,"ZCTA5 11104, New York",11831,34.85,31.87,15.01,10.48,4.68,1.82,1.29
83,11105.0,300,596,50.34,11105,Astoria,NY,40.774685999999996,-73.90816,"40.774686,-73.90816",1410,8710000US3611105,"ZCTA5 11105, New York",16120,32.49,34.84,16.12,9.92,4.3,1.35,0.97
84,11106.0,360,674,53.41,11106,Astoria,NY,40.762012,-73.93146999999999,"40.762012,-73.93147",7,8710000US3611106,"ZCTA5 11106, New York",17101,36.57,32.73,14.06,8.85,4.24,1.81,1.73
85,11109.0,38,106,35.85,11109,Long Island City,NY,40.651378,-73.870779,"40.651378,-73.870779",380,8710000US3611109,"ZCTA5 11109, New York",1975,40.96,44.0,11.54,2.84,0.51,0.15,0.0
86,11201.0,387,932,41.52,11201,Brooklyn,NY,40.695285999999996,-73.98907,"40.695286,-73.98907",1495,8710000US3611201,"ZCTA5 11201, New York",23325,43.76,33.34,12.03,7.52,2.14,0.68,0.53
87,11203.0,1085,1657,65.48,11203,Brooklyn,NY,40.649059,-73.93304,"40.649059,-73.93304",1260,8710000US3611203,"ZCTA5 11203, New York",26420,24.92,26.93,19.23,13.75,7.99,3.76,3.41
88,11204.0,1163,1880,61.86,11204,Brooklyn,NY,40.618944,-73.98473,"40.618944,-73.98473",1274,8710000US3611204,"ZCTA5 11204, New York",25449,22.96,26.57,16.85,14.58,7.86,4.53,6.65
89,11205.0,416,766,54.31,11205,Brooklyn,NY,40.694214,-73.96529,"40.694214,-73.96529",1010,8710000US3611205,"ZCTA5 11205, New York",14690,33.19,29.65,14.75,9.32,5.47,2.94,4.68
90,11206.0,808,1391,58.09,11206,Brooklyn,NY,40.702348,-73.94288,"40.702348,-73.94288",585,8710000US3611206,"ZCTA5 11206, New York",28025,25.89,27.25,17.6,12.4,7.24,4.01,5.62
91,11207.0,1004,1626,61.75,11207,Brooklyn,NY,40.670874,-73.89424,"40.670874,-73.89424",836,8710000US3611207,"ZCTA5 11207, New York",31118,24.06,24.05,19.49,14.85,9.17,4.52,3.86
92,11208.0,1129,1723,65.53,11208,Brooklyn,NY,40.672666,-73.87248000000001,"40.672666,-73.87248",1506,8710000US3611208,"ZCTA5 11208, New York",29211,20.34,21.08,19.77,17.0,10.84,5.65,5.32
93,11209.0,648,1262,51.35,11209,Brooklyn,NY,40.62327,-74.0295,"40.62327,-74.0295",1672,8710000US3611209,"ZCTA5 11209, New York",31065,40.65,28.85,12.96,9.63,4.69,1.87,1.35
94,11210.0,960,1516,63.32,11210,Brooklyn,NY,40.627946,-73.94552,"40.627946,-73.94552",425,8710000US3611210,"ZCTA5 11210, New York",20653,24.85,24.86,17.19,13.25,8.9,5.58,5.36
95,11211.0,1248,1975,63.19,11211,Brooklyn,NY,40.71209,-73.95427,"40.71209,-73.95427",662,8710000US3611211,"ZCTA5 11211, New York",33489,28.59,33.2,15.39,9.21,5.31,2.96,5.34
96,11212.0,915,1410,64.89,11212,Brooklyn,NY,40.662191,-73.91328,"40.662191,-73.91328",938,8710000US3611212,"ZCTA5 11212, New York",30201,26.92,25.64,20.16,13.33,7.85,3.39,2.7
97,11213.0,840,1373,61.18,11213,Brooklyn,NY,40.670937,-73.93459,"40.670937,-73.93459",9,8710000US3611213,"ZCTA5 11213, New York",23142,30.33,25.52,17.64,11.76,7.24,3.35,4.16
98,11214.0,829,1437,57.69,11214,Brooklyn,NY,40.598994,-73.99611,"40.598994,-73.99611",949,8710000US3611214,"ZCTA5 11214, New York",32212,27.26,27.63,17.24,14.73,6.8,3.28,3.08
99,11215.0,373,845,44.14,11215,Brooklyn,NY,40.667508000000005,-73.9856,"40.667508,-73.9856",926,8710000US3611215,"ZCTA5 11215, New York",28077,32.04,35.91,16.34,11.14,2.98,0.97,0.62
100,11216.0,408,760,53.68,11216,Brooklyn,NY,40.680398,-73.94824,"40.680398,-73.94824",961,8710000US3611216,"ZCTA5 11216, New York",23193,38.45,27.93,15.1,9.53,4.85,2.1,2.05
101,11217.0,344,640,53.75,11217,Brooklyn,NY,40.68209,-73.97783000000001,"40.68209,-73.97783",40,8710000US3611217,"ZCTA5 11217, New York",16269,37.08,34.7,14.83,8.42,2.93,1.17,0.87
102,11218.0,1015,1672,60.71,11218,Brooklyn,NY,40.644552000000004,-73.97595,"40.644552,-73.97595",191,8710000US3611218,"ZCTA5 11218, New York",25240,26.98,26.39,15.32,12.99,7.75,4.32,6.25
103,11219.0,1725,2561,67.36,11219,Brooklyn,NY,40.632449,-73.99629,"40.632449,-73.99629",1395,8710000US3611219,"ZCTA5 11219, New York",26177,20.48,23.04,15.17,13.81,9.78,6.75,10.98
104,11220.0,844,1328,63.55,11220,Brooklyn,NY,40.641436,-74.01574000000001,"40.641436,-74.01574",160,8710000US3611220,"ZCTA5 11220, New York",29018,19.79,21.58,16.5,16.62,10.72,6.05,8.73
105,11221.0,683,1139,59.96,11221,Brooklyn,NY,40.691234,-73.92636999999999,"40.691234,-73.92637",807,8710000US3611221,"ZCTA5 11221, New York",28391,30.56,24.25,17.43,12.68,7.67,3.75,3.66
106,11222.0,271,544,49.82,11222,Brooklyn,NY,40.726302000000004,-73.94559,"40.726302,-73.94559",1278,8710000US3611222,"ZCTA5 11222, New York",17033,32.92,38.76,15.48,8.12,3.05,1.05,0.62
107,11223.0,960,1692,56.74,11223,Brooklyn,NY,40.598141999999996,-73.97229,"40.598142,-73.97229",969,8710000US3611223,"ZCTA5 11223, New York",28421,26.96,27.94,16.65,12.98,7.58,4.28,3.62
108,11224.0,528,881,59.93,11224,Brooklyn,NY,40.576589,-73.99172,"40.576589,-73.99172",1126,8710000US3611224,"ZCTA5 11224, New York",19774,35.37,31.33,15.0,9.43,4.43,2.07,2.37
109,11225.0,686,1080,63.52,11225,Brooklyn,NY,40.662892,-73.95509,"40.662892,-73.95509",249,8710000US3611225,"ZCTA5 11225, New York",22501,32.63,28.05,16.9,10.87,5.9,2.93,2.72
110,11226.0,1089,1669,65.25,11226,Brooklyn,NY,40.645255999999996,-73.95553000000001,"40.645256,-73.95553",1777,8710000US3611226,"ZCTA5 11226, New York",36101,27.56,25.83,18.38,13.03,7.77,3.7,3.73
111,11228.0,378,664,56.93,11228,Brooklyn,NY,40.617563,-74.01168,"40.617563,-74.01168",1646,8710000US3611228,"ZCTA5 11228, New York",15572,27.01,28.05,17.6,15.07,7.01,2.97,2.29
112,11229.0,860,1514,56.8,11229,Brooklyn,NY,40.599256,-73.94118,"40.599256,-73.94118",1113,8710000US3611229,"ZCTA5 11229, New York",30601,28.5,29.76,16.88,12.73,6.53,3.13,2.47
113,11230.0,1367,2198,62.19,11230,Brooklyn,NY,40.622994,-73.96427,"40.622994,-73.96427",1125,8710000US3611230,"ZCTA5 11230, New York",30859,30.46,27.12,14.84,11.03,6.62,4.25,5.68
114,11231.0,254,524,48.47,11231,Brooklyn,NY,40.6788,-74.00254,"40.6788,-74.00254",492,8710000US3611231,"ZCTA5 11231, New York",15216,34.49,34.9,15.78,10.08,3.06,0.94,0.75
115,11232.0,299,434,68.89,11232,Brooklyn,NY,40.655481,-74.00424,"40.655481,-74.00424",725,8710000US3611232,"ZCTA5 11232, New York",8403,22.1,26.2,16.61,14.28,9.04,5.64,6.12
116,11233.0,648,1056,61.36,11233,Brooklyn,NY,40.676938,-73.91858,"40.676938,-73.91858",1715,8710000US3611233,"ZCTA5 11233, New York",25693,31.4,26.09,18.77,11.67,6.66,2.95,2.45
117,11234.0,1260,2061,61.14,11234,Brooklyn,NY,40.618561,-73.9216,"40.618561,-73.9216",325,8710000US3611234,"ZCTA5 11234, New York",31213,24.12,26.8,18.99,15.42,8.56,3.55,2.56
118,11235.0,992,1746,56.82,11235,Brooklyn,NY,40.583803,-73.95019,"40.583803,-73.95019",883,8710000US3611235,"ZCTA5 11235, New York",33886,35.44,31.31,15.49,10.26,4.19,1.78,1.55
119,11236.0,1439,2176,66.13,11236,Brooklyn,NY,40.640527,-73.90361999999999,"40.640527,-73.90362",689,8710000US3611236,"ZCTA5 11236, New York",31778,22.41,24.91,21.07,15.74,8.65,4.06,3.17
120,11237.0,481,715,67.27,11237,Brooklyn,NY,40.703355,-73.91993000000001,"40.703355,-73.91993",641,8710000US3611237,"ZCTA5 11237, New York",15512,19.69,25.13,18.38,15.9,10.04,4.9,5.96
121,11238.0,466,810,57.53,11238,Brooklyn,NY,40.680145,-73.96257,"40.680145,-73.96257",877,8710000US3611238,"ZCTA5 11238, New York",22648,39.01,32.82,15.06,7.87,2.98,1.25,1.01
122,11239.0,275,440,62.5,11239,Brooklyn,NY,40.645848,-73.87919000000001,"40.645848,-73.87919",1718,8710000US3611239,"ZCTA5 11239, New York",6280,42.01,29.65,13.98,7.87,4.14,1.56,0.8
123,11354.0,503,821,61.27,11354,Flushing,NY,40.767969,-73.82496,"40.767969,-73.82496",454,8710000US3611354,"ZCTA5 11354, New York",20120,25.6,29.78,19.38,14.37,6.11,2.79,1.97
124,11355.0,639,1006,63.52,11355,Flushing,NY,40.749463,-73.81940999999999,"40.749463,-73.81941",1772,8710000US3611355,"ZCTA5 11355, New York",28837,20.99,26.08,20.53,16.25,8.33,4.15,3.68
125,11356.0,313,538,58.18,11356,College Point,NY,40.785462,-73.84366,"40.785462,-73.84366",1037,8710000US3611356,"ZCTA5 11356, New York",7751,19.65,25.22,19.82,17.58,9.91,4.75,3.07
126,11357.0,477,836,57.06,11357,Whitestone,NY,40.784453000000006,-73.80922,"40.784453,-73.80922",967,8710000US3611357,"ZCTA5 11357, New York",15149,26.19,31.61,17.24,15.22,6.46,2.17,1.12
127,11358.0,319,604,52.81,11358,Flushing,NY,40.760521999999995,-73.79612,"40.760522,-73.79612",275,8710000US3611358,"ZCTA5 11358, New York",13380,21.59,28.78,19.23,17.65,7.77,2.92,2.06
128,11360.0,184,381,48.29,11360,Bayside,NY,40.780386,-73.78005,"40.780386,-73.78005",930,8710000US3611360,"ZCTA5 11360, New York",8758,37.61,33.87,12.62,10.49,3.51,1.12,0.79
129,11361.0,265,489,54.19,11361,Bayside,NY,40.763177,-73.77391999999999,"40.763177,-73.77392",1258,8710000US3611361,"ZCTA5 11361, New York",10645,25.99,28.39,19.03,16.01,6.34,2.58,1.65
130,11362.0,183,371,49.33,11362,Little Neck,NY,40.759686,-73.73321999999999,"40.759686,-73.73322",791,8710000US3611362,"ZCTA5 11362, New York",7020,28.65,30.74,16.77,14.43,6.08,2.26,1.07
131,11363.0,69,144,47.92,11363,Little Neck,NY,40.772636,-73.74644,"40.772636,-73.74644",898,8710000US3611363,"ZCTA5 11363, New York",2669,25.33,29.9,17.98,16.49,6.59,2.7,1.01
132,11364.0,282,521,54.13,11364,Oakland Gardens,NY,40.746718,-73.75994,"40.746718,-73.75994",1780,8710000US3611364,"ZCTA5 11364, New York",13287,27.29,28.32,18.03,16.23,6.34,2.47,1.32
133,11365.0,475,858,55.36,11365,Fresh Meadows,NY,40.738983000000005,-73.79209,"40.738983,-73.79209",26,8710000US3611365,"ZCTA5 11365, New York",15463,24.99,27.74,18.87,15.95,7.35,3.16,1.95
134,11366.0,259,444,58.33,11366,Fresh Meadows,NY,40.726137,-73.79502,"40.726137,-73.79502",321,8710000US3611366,"ZCTA5 11366, New York",4519,18.61,27.57,20.03,18.1,9.12,4.09,2.48
135,11367.0,619,1069,57.9,11367,Flushing,NY,40.728614,-73.82145,"40.728614,-73.82145",664,8710000US3611367,"ZCTA5 11367, New York",14972,26.48,29.89,17.33,12.92,6.97,3.67,2.75
136,11368.0,2510,3198,78.49,11368,Corona,NY,40.747106,-73.85838000000001,"40.747106,-73.85838",1096,8710000US3611368,"ZCTA5 11368, New York",28861,16.01,18.12,17.01,17.05,12.09,7.93,11.78
137,11369.0,929,1236,75.16,11369,East Elmhurst,NY,40.762854,-73.87051,"40.762854,-73.87051",1066,8710000US3611369,"ZCTA5 11369, New York",11194,20.19,20.82,17.78,16.49,10.99,5.94,7.79
138,11370.0,883,1416,62.36,11370,East Elmhurst,NY,40.763015,-73.89052,"40.763015,-73.89052",650,8710000US3611370,"ZCTA5 11370, New York",9415,21.4,25.4,18.54,16.26,9.63,4.44,4.32
139,11372.0,1511,2049,73.74,11372,Jackson Heights,NY,40.750146,-73.88433,"40.750146,-73.88433",1415,8710000US3611372,"ZCTA5 11372, New York",23906,27.8,26.93,17.47,13.18,7.04,3.41,4.17
140,11373.0,1939,2720,71.29,11373,Elmhurst,NY,40.736076000000004,-73.87804,"40.736076,-73.87804",534,8710000US3611373,"ZCTA5 11373, New York",31348,18.94,23.89,19.23,17.03,9.84,5.13,5.96
141,11374.0,710,1223,58.05,11374,Rego Park,NY,40.724945,-73.8609,"40.724945,-73.8609",1690,8710000US3611374,"ZCTA5 11374, New York",19311,35.71,31.01,15.86,10.81,4.18,1.59,0.84
142,11375.0,1003,1848,54.27,11375,Forest Hills,NY,40.720535,-73.84581999999999,"40.720535,-73.84582",29,8710000US3611375,"ZCTA5 11375, New York",32547,39.88,32.07,13.88,9.27,3.21,1.16,0.53
143,11377.0,1214,1845,65.8,11377,Woodside,NY,40.742869,-73.90377,"40.742869,-73.90377",1062,8710000US3611377,"ZCTA5 11377, New York",31412,25.78,26.43,17.46,14.48,7.75,4.03,4.08
144,11378.0,419,725,57.79,11378,Maspeth,NY,40.724096,-73.90271,"40.724096,-73.90271",1351,8710000US3611378,"ZCTA5 11378, New York",12762,24.33,27.96,18.95,16.85,7.4,2.64,1.88
145,11379.0,459,846,54.26,11379,Middle Village,NY,40.716028,-73.87925,"40.716028,-73.87925",691,8710000US3611379,"ZCTA5 11379, New York",13881,28.75,30.33,17.83,14.43,5.9,1.9,0.86
146,11385.0,1139,1921,59.29,11385,Ridgewood,NY,40.703069,-73.89285,"40.703069,-73.89285",1106,8710000US3611385,"ZCTA5 11385, New York",34843,22.73,27.14,19.56,16.69,8.02,3.22,2.63
147,11411.0,433,640,67.66,11411,Cambria Heights,NY,40.693538000000004,-73.73574,"40.693538,-73.73574",1594,8710000US3611411,"ZCTA5 11411, New York",5893,18.04,24.5,21.65,16.04,9.91,4.89,4.97
148,11412.0,738,1157,63.79,11412,Saint Albans,NY,40.697188,-73.75948000000001,"40.697188,-73.75948",671,8710000US3611412,"ZCTA5 11412, New York",10691,19.45,22.66,19.23,15.77,11.34,5.59,5.96
149,11413.0,800,1249,64.05,11413,Springfield Gardens,NY,40.670138,-73.75140999999999,"40.670138,-73.75141",456,8710000US3611413,"ZCTA5 11413, New York",12227,17.44,24.37,20.99,17.28,10.57,5.05,4.29
150,11414.0,515,847,60.8,11414,Howard Beach,NY,40.658188,-73.84321,"40.658188,-73.84321",692,8710000US3611414,"ZCTA5 11414, New York",10695,30.46,31.15,16.31,12.67,6.05,2.33,1.03
151,11415.0,320,550,58.18,11415,Kew Gardens,NY,40.706903000000004,-73.82973,"40.706903,-73.82973",838,8710000US3611415,"ZCTA5 11415, New York",8614,39.48,30.2,13.61,8.58,4.09,2.05,2.0
152,11416.0,347,530,65.47,11416,Ozone Park,NY,40.683301,-73.8503,"40.683301,-73.8503",516,8710000US3611416,"ZCTA5 11416, New York",7227,15.73,21.05,19.08,18.96,12.67,6.35,6.16
153,11417.0,462,751,61.52,11417,Ozone Park,NY,40.675534000000006,-73.84476,"40.675534,-73.84476",551,8710000US3611417,"ZCTA5 11417, New York",9230,19.59,23.3,18.69,18.23,10.86,5.23,4.1
154,11418.0,565,897,62.99,11418,Richmond Hill,NY,40.698485,-73.83365,"40.698485,-73.83365",921,8710000US3611418,"ZCTA5 11418, New York",11031,19.74,22.99,17.97,16.71,10.56,5.41,6.62
155,11419.0,600,953,62.96,11419,South Richmond Hill,NY,40.688688,-73.82216,"40.688688,-73.82216",851,8710000US3611419,"ZCTA5 11419, New York",12688,11.27,18.46,19.48,21.27,14.33,7.39,7.79
156,11420.0,745,1168,63.78,11420,South Ozone Park,NY,40.673138,-73.81443,"40.673138,-73.81443",1654,8710000US3611420,"ZCTA5 11420, New York",12918,13.97,20.95,20.2,20.55,12.97,6.01,5.36
157,11421.0,655,980,66.84,11421,Woodhaven,NY,40.690870000000004,-73.85828000000001,"40.69087,-73.85828",759,8710000US3611421,"ZCTA5 11421, New York",11845,18.31,22.27,18.99,17.28,11.08,5.73,6.34
158,11422.0,583,965,60.41,11422,Rosedale,NY,40.662538,-73.73514,"40.662538,-73.73514",1020,8710000US3611422,"ZCTA5 11422, New York",9408,17.02,23.12,20.48,18.34,10.86,5.39,4.79
159,11423.0,536,836,64.11,11423,Hollis,NY,40.714261,-73.76824,"40.714261,-73.76824",1494,8710000US3611423,"ZCTA5 11423, New York",9559,20.91,24.54,18.22,16.5,10.05,4.89,4.89
160,11426.0,316,558,56.63,11426,Bellerose,NY,40.732239,-73.72108,"40.732239,-73.72108",1269,8710000US3611426,"ZCTA5 11426, New York",6056,23.61,25.59,17.65,17.02,9.64,4.11,2.36
161,11427.0,475,787,60.36,11427,Queens Village,NY,40.728235,-73.74781999999999,"40.728235,-73.74782",1308,8710000US3611427,"ZCTA5 11427, New York",7683,22.69,25.45,18.22,16.93,8.84,4.28,3.59
162,11428.0,382,597,63.99,11428,Queens Village,NY,40.719981,-73.74127,"40.719981,-73.74127",798,8710000US3611428,"ZCTA5 11428, New York",5540,14.12,20.52,20.11,20.45,12.35,6.55,5.9
163,11429.0,575,830,69.28,11429,Queens Village,NY,40.708833,-73.73903,"40.708833,-73.73903",1513,8710000US3611429,"ZCTA5 11429, New York",7290,15.29,22.37,19.57,17.9,11.98,6.02,6.86
164,11432.0,909,1395,65.16,11432,Jamaica,NY,40.714144,-73.79324,"40.714144,-73.79324",255,8710000US3611432,"ZCTA5 11432, New York",18448,24.44,22.22,16.98,16.65,9.82,4.86,5.02
165,11433.0,515,776,66.37,11433,Jamaica,NY,40.696538000000004,-73.78734,"40.696538,-73.78734",854,8710000US3611433,"ZCTA5 11433, New York",10230,24.44,21.2,18.37,14.47,9.9,5.55,6.07
166,11434.0,1154,1798,64.18,11434,Jamaica,NY,40.674888,-73.7727,"40.674888,-73.7727",1281,8710000US3611434,"ZCTA5 11434, New York",20244,27.1,24.69,17.92,13.7,8.49,4.19,3.91
167,11435.0,861,1412,60.98,11435,Jamaica,NY,40.700068,-73.80986,"40.700068,-73.80986",640,8710000US3611435,"ZCTA5 11435, New York",17724,24.64,24.54,17.33,15.24,9.23,4.54,4.46
168,11436.0,292,450,64.89,11436,Jamaica,NY,40.674146,-73.79687,"40.674146,-73.79687",1724,8710000US3611436,"ZCTA5 11436, New York",5353,16.25,22.12,20.55,18.2,11.83,5.44,5.62
169,11691.0,1215,1792,67.8,11691,Far Rockaway,NY,40.60002,-73.75962,"40.60002,-73.75962",1164,8710000US3611691,"ZCTA5 11691, New York",19518,28.91,22.59,15.97,13.24,9.09,4.68,5.51
170,11692.0,332,521,63.72,11692,Arverne,NY,40.592939,-73.79568,"40.592939,-73.79568",389,8710000US3611692,"ZCTA5 11692, New York",6195,25.84,24.92,19.6,13.33,8.86,3.87,3.57
171,11693.0,220,369,59.62,11693,Far Rockaway,NY,40.596959000000005,-73.81978000000001,"40.596959,-73.81978",983,8710000US3611693,"ZCTA5 11693, New York",4703,31.02,29.58,16.9,12.93,5.25,2.53,1.79
172,11694.0,384,662,58.01,11694,Rockaway Park,NY,40.57649,-73.84721,"40.57649,-73.84721",542,8710000US3611694,"ZCTA5 11694, New York",8276,36.58,28.87,14.55,10.89,6.33,1.95,0.85
173,11697.0,65,135,48.15,11697,Breezy Point,NY,40.560167,-73.90890999999999,"40.560167,-73.90891",1496,8710000US3611697,"ZCTA5 11697, New York",1736,32.66,32.26,14.4,12.44,5.65,1.79,0.81
