,MODZCTA,Positive,Total,zcta_cum.perc_pos,Zip,City,State,Latitude,Longitude,geopoint,Below Poverty Level - All people,Below Poverty Level - Under 18 years,Below Poverty Level - Related children of the householder under 18 years,Below Poverty Level - Related children of the householder under 5 years,Below Poverty Level - Related children of the householder 5 to 17 years,Below Poverty Level - 18 years and over,Below Poverty Level - 18 to 64 years,Below Poverty Level - 65 years and over
0,10001.0,314,912,34.43,10001,New York,NY,40.750741999999995,-73.99653,"40.750742,-73.99653",17.5,39.7,39.7,0.0,49.3,14.8,15.2,12.7
1,10002.0,890,2122,41.94,10002,New York,NY,40.717040000000004,-73.987,"40.71704,-73.987",27.8,36.9,36.8,34.5,37.6,26.3,24.6,33.0
2,10003.0,402,1277,31.48,10003,New York,NY,40.732509,-73.98935,"40.732509,-73.98935",9.9,4.7,4.7,2.3,7.2,10.3,9.7,13.8
3,10005.0,54,220,24.55,10005,New York,NY,40.706019,-74.00858000000001,"40.706019,-74.00858",12.1,0.0,0.0,0.0,0.0,13.3,13.6,0.0
4,10006.0,21,95,22.11,10006,New York,NY,40.707904,-74.01342,"40.707904,-74.01342",6.7,0.0,0.0,0.0,0.0,7.8,7.8,-
5,10007.0,48,209,22.97,10007,New York,NY,40.714754,-74.00721,"40.714754,-74.00721",3.4,1.0,1.0,0.0,1.4,4.0,3.7,8.3
6,10009.0,613,1803,34.0,10009,New York,NY,40.727093,-73.97864,"40.727093,-73.97864",22.6,34.9,34.7,26.0,37.5,21.1,20.0,27.5
7,10010.0,237,953,24.87,10010,New York,NY,40.739022,-73.98205,"40.739022,-73.98205",11.9,7.1,7.1,4.4,9.6,12.3,12.4,12.2
8,10011.0,469,1348,34.79,10011,New York,NY,40.741012,-74.00012,"40.741012,-74.00012",9.7,10.9,10.9,11.7,10.4,9.6,9.5,10.1
9,10012.0,147,506,29.05,10012,New York,NY,40.72596,-73.99834,"40.72596,-73.99834",10.4,4.5,4.2,0.0,6.5,11.0,11.0,11.1
10,10013.0,220,708,31.07,10013,New York,NY,40.720665999999994,-74.00525999999999,"40.720666,-74.00526",10.6,10.5,8.5,3.2,11.9,10.7,8.6,20.4
11,10014.0,269,783,34.36,10014,New York,NY,40.734718,-74.00532,"40.734718,-74.00532",6.0,2.6,2.6,1.9,3.0,6.3,6.1,8.0
12,10016.0,610,2006,30.41,10016,New York,NY,40.746179999999995,-73.97759,"40.74618,-73.97759",10.4,5.4,5.0,6.8,3.4,10.9,10.1,14.9
13,10017.0,125,498,25.1,10017,New York,NY,40.752159000000006,-73.97231,"40.752159,-73.97231",6.0,5.3,5.4,0.0,12.9,6.1,6.2,5.7
14,10018.0,193,565,34.16,10018,New York,NY,40.755101,-73.99337,"40.755101,-73.99337",15.4,13.7,13.7,11.3,16.9,15.6,15.6,15.6
15,10019.0,527,1562,33.74,10019,New York,NY,40.765714,-73.9856,"40.765714,-73.9856",11.8,9.9,9.9,3.2,14.7,12.0,11.0,17.0
16,10021.0,495,1708,28.98,10021,New York,NY,40.76842,-73.96045,"40.76842,-73.96045",6.8,5.5,5.5,6.3,4.8,7.1,6.9,7.6
17,10022.0,299,1082,27.63,10022,New York,NY,40.759015000000005,-73.96732,"40.759015,-73.96732",4.9,0.9,0.9,0.0,1.8,5.3,5.7,4.3
18,10023.0,496,1708,29.04,10023,New York,NY,40.776099,-73.98285,"40.776099,-73.98285",7.5,4.9,4.9,1.7,8.0,7.9,7.7,8.7
19,10024.0,576,1874,30.74,10024,New York,NY,40.786387,-73.97709,"40.786387,-73.97709",7.7,4.5,4.5,1.0,6.2,8.3,7.9,9.8
20,10025.0,1101,3191,34.5,10025,New York,NY,40.798502,-73.96811,"40.798502,-73.96811",16.1,13.1,13.1,13.7,12.8,16.6,17.3,13.9
21,10026.0,564,1482,38.06,10026,New York,NY,40.802853000000006,-73.95470999999999,"40.802853,-73.95471",28.8,39.3,39.1,44.2,35.9,26.1,25.1,33.7
22,10027.0,854,2149,39.74,10027,New York,NY,40.812665,-73.95499000000001,"40.812665,-73.95499",30.2,38.3,38.1,40.1,37.3,28.1,28.9,23.0
23,10028.0,429,1488,28.83,10028,New York,NY,40.776777,-73.9541,"40.776777,-73.9541",5.9,4.4,4.5,4.2,4.5,6.1,6.1,6.2
24,10029.0,1559,3562,43.77,10029,New York,NY,40.791585999999995,-73.94575,"40.791586,-73.94575",31.4,42.5,42.5,36.3,44.4,28.4,27.5,33.2
25,10030.0,428,1027,41.67,10030,New York,NY,40.818151,-73.94351,"40.818151,-73.94351",30.8,32.7,32.6,36.2,30.6,30.4,29.8,35.0
26,10031.0,1082,2279,47.48,10031,New York,NY,40.826201,-73.94879,"40.826201,-73.94879",24.4,32.6,32.0,27.1,34.1,22.8,21.7,30.1
27,10032.0,1255,2700,46.48,10032,New York,NY,40.840686,-73.94154,"40.840686,-73.94154",27.2,38.7,37.8,31.7,40.7,25.0,24.3,29.5
28,10033.0,1130,2407,46.95,10033,New York,NY,40.848764,-73.93496,"40.848764,-73.93496",24.9,30.6,30.1,29.4,30.5,23.6,22.7,28.6
29,10034.0,600,1457,41.18,10034,New York,NY,40.867653000000004,-73.92,"40.867653,-73.92",25.1,34.6,33.7,30.8,35.1,22.8,21.4,30.5
30,10035.0,805,1789,45.0,10035,New York,NY,40.802395000000004,-73.93359,"40.802395,-73.93359",39.5,48.6,48.3,65.2,40.9,37.3,36.1,44.6
31,10036.0,363,1058,34.31,10036,New York,NY,40.759510999999996,-73.99019,"40.759511,-73.99019",12.4,11.8,10.5,10.7,10.3,12.5,12.5,12.2
32,10037.0,371,902,41.13,10037,New York,NY,40.813385,-73.93616,"40.813385,-73.93616",29.3,52.2,52.2,48.3,54.1,22.2,21.6,25.4
33,10038.0,221,588,37.59,10038,New York,NY,40.709677,-74.00365,"40.709677,-74.00365",18.0,15.3,15.3,6.5,20.0,18.3,15.1,34.0
34,10039.0,439,1089,40.31,10039,New York,NY,40.826181,-73.9371,"40.826181,-73.9371",30.6,40.2,40.1,44.9,37.8,27.4,27.5,26.1
35,10040.0,865,1843,46.93,10040,New York,NY,40.858703999999996,-73.92853000000001,"40.858704,-73.92853",22.8,33.5,33.5,23.7,37.8,20.6,19.7,25.9
36,10044.0,183,424,43.16,10044,New York,NY,40.762174,-73.94917,"40.762174,-73.94917",14.4,5.6,5.6,0.0,10.3,15.8,16.4,13.0
37,10069.0,46,169,27.22,10069,New York,NY,40.775477,-73.9905,"40.775477,-73.9905",9.1,6.2,6.2,7.1,5.4,9.8,8.2,35.4
38,10128.0,558,2040,27.35,10128,New York,NY,40.781894,-73.95039,"40.781894,-73.95039",6.7,5.2,5.2,2.1,7.0,7.0,6.7,8.3
39,10280.0,38,178,21.35,10280,New York,NY,40.707467,-74.0178,"40.707467,-74.0178",5.8,4.7,4.7,2.0,6.4,6.1,5.4,12.7
40,10282.0,64,177,36.16,10282,New York,NY,40.717178999999994,-74.01433,"40.717179,-74.01433",4.8,3.4,3.4,0.0,8.1,5.3,3.2,33.5
41,10301.0,1020,2501,40.78,10301,Staten Island,NY,40.631775,-74.09432,"40.631775,-74.09432",23.7,37.1,37.0,37.6,36.8,19.2,20.1,14.5
42,10302.0,567,1279,44.33,10302,Staten Island,NY,40.631127,-74.13715,"40.631127,-74.13715",22.8,33.5,33.5,31.8,34.2,19.5,20.0,16.3
43,10303.0,762,1807,42.17,10303,Staten Island,NY,40.629448,-74.16239,"40.629448,-74.16239",25.2,31.5,31.5,37.9,29.3,23.0,23.4,20.3
44,10304.0,1248,2973,41.98,10304,Staten Island,NY,40.60787,-74.08991,"40.60787,-74.08991",21.6,31.3,31.1,32.2,30.8,18.4,19.0,15.7
45,10305.0,1104,2906,37.99,10305,Staten Island,NY,40.599021,-74.07503,"40.599021,-74.07503",12.1,13.5,13.4,9.5,15.0,11.8,11.4,13.4
46,10306.0,1316,3757,35.03,10306,Staten Island,NY,40.569394,-74.11785,"40.569394,-74.11785",8.8,9.4,8.7,8.1,8.9,8.6,8.5,9.0
47,10307.0,354,1005,35.22,10307,Staten Island,NY,40.508274,-74.24387,"40.508274,-74.24387",7.6,10.2,9.3,5.8,10.4,6.8,6.9,6.4
48,10308.0,587,1756,33.43,10308,Staten Island,NY,40.551353000000006,-74.15098,"40.551353,-74.15098",6.9,8.0,7.7,0.9,9.9,6.6,5.8,9.8
49,10309.0,783,2254,34.74,10309,Staten Island,NY,40.529749,-74.21304,"40.529749,-74.21304",9.0,10.2,8.9,13.9,7.4,8.6,8.1,10.9
50,10310.0,663,1721,38.52,10310,Staten Island,NY,40.63212,-74.11551,"40.63212,-74.11551",18.1,24.4,24.3,27.1,23.4,15.9,16.5,12.4
51,10312.0,1389,3818,36.38,10312,Staten Island,NY,40.543116999999995,-74.17628,"40.543117,-74.17628",6.6,8.1,8.1,6.9,8.4,6.1,5.7,7.5
52,10314.0,2436,6329,38.49,10314,Staten Island,NY,40.606336999999996,-74.14513000000001,"40.606337,-74.14513",9.4,10.9,10.9,7.4,12.3,9.0,8.6,10.7
53,10451.0,1429,3063,46.65,10451,Bronx,NY,40.819728999999995,-73.9223,"40.819729,-73.9223",36.2,49.3,49.1,41.6,52.0,31.4,29.8,39.5
54,10452.0,2016,4323,46.63,10452,Bronx,NY,40.838745,-73.92234,"40.838745,-73.92234",39.4,51.2,51.2,45.2,53.4,34.6,33.7,42.0
55,10453.0,2012,4329,46.48,10453,Bronx,NY,40.853017,-73.91214000000001,"40.853017,-73.91214",43.3,57.2,57.0,54.1,58.1,38.0,38.0,38.6
56,10454.0,982,2197,44.7,10454,Bronx,NY,40.805968,-73.91628,"40.805968,-73.91628",46.9,60.4,60.2,61.2,59.9,41.0,41.0,40.9
57,10455.0,1098,2340,46.92,10455,Bronx,NY,40.815559,-73.90771,"40.815559,-73.90771",42.7,54.9,54.7,56.3,54.0,37.7,36.8,44.1
58,10456.0,2162,4842,44.65,10456,Bronx,NY,40.829676,-73.90856,"40.829676,-73.90856",40.8,53.8,53.8,52.3,54.3,35.4,35.4,35.4
59,10457.0,1805,4017,44.93,10457,Bronx,NY,40.846745,-73.89860999999999,"40.846745,-73.89861",39.2,49.6,49.3,50.9,48.7,34.9,35.2,32.0
60,10458.0,1759,3943,44.61,10458,Bronx,NY,40.864166,-73.88880999999999,"40.864166,-73.88881",37.5,49.4,49.3,44.1,51.6,32.9,32.6,35.1
61,10459.0,1315,2719,48.36,10459,Bronx,NY,40.825432,-73.89327,"40.825432,-73.89327",38.0,45.3,45.2,43.6,45.8,35.1,34.6,38.7
62,10460.0,1425,3100,45.97,10460,Bronx,NY,40.84095,-73.88036,"40.84095,-73.88036",41.6,56.0,55.8,55.0,56.1,36.2,36.5,34.2
63,10461.0,1708,4019,42.5,10461,Bronx,NY,40.842917,-73.83819,"40.842917,-73.83819",14.8,20.1,19.9,18.8,20.4,13.5,13.3,14.7
64,10462.0,2010,4681,42.94,10462,Bronx,NY,40.842172999999995,-73.85862,"40.842173,-73.85862",19.9,25.4,25.1,28.3,23.8,18.3,17.8,20.9
65,10463.0,1645,4050,40.62,10463,Bronx,NY,40.881085999999996,-73.90749,"40.881086,-73.90749",17.8,26.3,26.0,21.9,28.1,15.3,16.4,11.2
66,10464.0,114,363,31.4,10464,Bronx,NY,40.857017,-73.78903000000001,"40.857017,-73.78903",4.1,0.0,0.0,0.0,0.0,5.1,3.2,9.4
67,10465.0,1365,3606,37.85,10465,Bronx,NY,40.825727,-73.81752,"40.825727,-73.81752",13.5,18.5,18.4,19.0,18.2,12.2,12.3,12.0
68,10466.0,2108,4511,46.73,10466,Bronx,NY,40.89095,-73.84702,"40.89095,-73.84702",19.8,30.5,30.1,32.5,29.2,16.5,16.7,15.2
69,10467.0,2952,6235,47.35,10467,Bronx,NY,40.872265000000006,-73.86936999999999,"40.872265,-73.86937",29.9,42.2,42.1,44.1,41.1,25.6,26.0,23.1
70,10468.0,2153,4313,49.92,10468,Bronx,NY,40.867107,-73.89916,"40.867107,-73.89916",31.6,44.0,43.9,44.7,43.4,27.3,26.6,32.3
71,10469.0,2600,5379,48.34,10469,Bronx,NY,40.868643,-73.84735,"40.868643,-73.84735",14.8,23.2,22.6,21.0,23.1,12.5,13.1,9.5
72,10470.0,398,955,41.68,10470,Bronx,NY,40.900628999999995,-73.86072,"40.900629,-73.86072",12.4,18.8,18.8,11.0,22.4,10.9,11.1,10.0
73,10471.0,535,1385,38.63,10471,Bronx,NY,40.900819,-73.90347,"40.900819,-73.90347",10.6,9.4,9.1,5.1,11.2,10.9,10.0,13.4
74,10472.0,1694,3365,50.34,10472,Bronx,NY,40.830409,-73.86845,"40.830409,-73.86845",35.7,51.0,50.7,49.2,51.4,30.1,30.7,25.9
75,10473.0,1709,3859,44.29,10473,Bronx,NY,40.818514,-73.85893,"40.818514,-73.85893",29.6,41.0,40.9,41.2,40.8,26.1,26.8,22.7
76,10474.0,286,645,44.34,10474,Bronx,NY,40.81321,-73.88755,"40.81321,-73.88755",41.8,52.4,51.7,53.2,51.2,37.2,36.3,45.1
77,10475.0,1545,3807,40.58,10475,Bronx,NY,40.878522,-73.82540999999999,"40.878522,-73.82541",10.7,16.2,16.1,18.2,15.4,9.6,9.0,11.2
78,11004.0,515,943,54.61,11004,Glen Oaks,NY,40.742944,-73.70956,"40.742944,-73.70956",6.8,13.1,13.1,8.5,16.0,5.7,5.8,5.2
79,11101.0,542,1450,37.38,11101,Long Island City,NY,40.745340999999996,-73.93907,"40.745341,-73.93907",21.0,25.6,25.6,19.9,28.6,20.1,18.9,29.0
80,11102.0,528,1235,42.75,11102,Astoria,NY,40.771285999999996,-73.92461999999999,"40.771286,-73.92462",17.9,27.5,27.5,27.3,27.6,16.1,15.9,17.4
81,11103.0,465,1169,39.78,11103,Astoria,NY,40.762968,-73.91091,"40.762968,-73.91091",14.1,23.5,23.5,13.2,29.0,12.6,12.4,14.2
82,11104.0,418,1006,41.55,11104,Sunnyside,NY,40.743796,-73.91949,"40.743796,-73.91949",14.1,23.3,23.3,19.9,25.3,12.6,12.6,12.2
83,11105.0,433,1247,34.72,11105,Astoria,NY,40.774685999999996,-73.90816,"40.774686,-73.90816",11.0,14.0,13.6,10.3,15.3,10.5,11.0,7.4
84,11106.0,560,1383,40.49,11106,Astoria,NY,40.762012,-73.93146999999999,"40.762012,-73.93147",17.5,27.1,27.0,19.4,31.0,15.9,15.1,20.4
85,11109.0,46,191,24.08,11109,Long Island City,NY,40.651378,-73.870779,"40.651378,-73.870779",8.1,0.0,0.0,0.0,0.0,9.2,9.2,10.8
86,11201.0,544,1756,30.98,11201,Brooklyn,NY,40.695285999999996,-73.98907,"40.695286,-73.98907",14.8,17.8,17.8,14.2,20.8,14.3,14.5,12.9
87,11203.0,1771,3732,47.45,11203,Brooklyn,NY,40.649059,-73.93304,"40.649059,-73.93304",18.0,25.5,25.3,27.0,24.7,16.0,16.4,14.6
88,11204.0,1705,3826,44.56,11204,Brooklyn,NY,40.618944,-73.98473,"40.618944,-73.98473",24.5,35.4,35.2,38.1,33.8,20.3,20.1,21.3
89,11205.0,613,1738,35.27,11205,Brooklyn,NY,40.694214,-73.96529,"40.694214,-73.96529",33.9,48.6,48.5,49.0,48.3,28.0,28.1,27.5
90,11206.0,1315,3096,42.47,11206,Brooklyn,NY,40.702348,-73.94288,"40.702348,-73.94288",36.4,52.7,52.6,51.3,53.1,30.1,29.3,35.1
91,11207.0,1745,3876,45.02,11207,Brooklyn,NY,40.670874,-73.89424,"40.670874,-73.89424",30.0,41.1,41.0,39.5,41.5,26.1,25.7,29.0
92,11208.0,1953,3945,49.51,11208,Brooklyn,NY,40.672666,-73.87248000000001,"40.672666,-73.87248",29.7,39.7,39.6,41.5,38.8,25.9,26.0,24.8
93,11209.0,985,2658,37.06,11209,Brooklyn,NY,40.62327,-74.0295,"40.62327,-74.0295",14.3,18.7,18.4,14.9,20.3,13.3,13.2,13.9
94,11210.0,1466,3177,46.14,11210,Brooklyn,NY,40.627946,-73.94552,"40.627946,-73.94552",14.2,18.6,18.5,13.4,20.4,12.7,13.1,10.3
95,11211.0,1769,4235,41.77,11211,Brooklyn,NY,40.71209,-73.95427,"40.71209,-73.95427",28.9,47.5,47.4,47.1,47.6,22.8,22.1,29.1
96,11212.0,1534,3413,44.95,11212,Brooklyn,NY,40.662191,-73.91328,"40.662191,-73.91328",35.3,45.0,44.1,45.4,43.5,32.1,32.3,30.7
97,11213.0,1215,2650,45.85,11213,Brooklyn,NY,40.670937,-73.93459,"40.670937,-73.93459",26.4,32.7,32.1,36.3,30.3,24.4,24.2,25.9
98,11214.0,1316,2949,44.63,11214,Brooklyn,NY,40.598994,-73.99611,"40.598994,-73.99611",17.4,24.0,23.8,21.1,25.0,15.8,14.6,20.7
99,11215.0,536,1688,31.75,11215,Brooklyn,NY,40.667508000000005,-73.9856,"40.667508,-73.9856",8.1,6.7,6.6,3.6,8.6,8.4,7.6,14.2
100,11216.0,617,1599,38.59,11216,Brooklyn,NY,40.680398,-73.94824,"40.680398,-73.94824",20.8,26.1,25.6,33.4,22.1,19.8,19.3,23.9
101,11217.0,494,1190,41.51,11217,Brooklyn,NY,40.68209,-73.97783000000001,"40.68209,-73.97783",12.5,15.1,14.8,13.6,15.8,12.0,11.2,17.9
102,11218.0,1476,3185,46.34,11218,Brooklyn,NY,40.644552000000004,-73.97595,"40.644552,-73.97595",22.7,32.8,32.8,31.3,33.5,18.9,18.6,20.6
103,11219.0,2443,5615,43.51,11219,Brooklyn,NY,40.632449,-73.99629,"40.632449,-73.99629",36.0,48.4,48.3,50.6,47.1,29.2,30.3,23.7
104,11220.0,1287,2691,47.83,11220,Brooklyn,NY,40.641436,-74.01574000000001,"40.641436,-74.01574",33.7,46.9,46.7,45.3,47.4,29.3,29.4,29.1
105,11221.0,1080,2465,43.81,11221,Brooklyn,NY,40.691234,-73.92636999999999,"40.691234,-73.92637",26.9,35.3,35.0,34.9,35.1,24.5,23.6,31.2
106,11222.0,384,1006,38.17,11222,Brooklyn,NY,40.726302000000004,-73.94559,"40.726302,-73.94559",12.3,12.0,12.0,10.0,13.3,12.4,11.1,22.9
107,11223.0,1459,3349,43.57,11223,Brooklyn,NY,40.598141999999996,-73.97229,"40.598142,-73.97229",20.1,24.2,23.9,24.8,23.4,18.7,17.4,23.9
108,11224.0,960,2132,45.03,11224,Brooklyn,NY,40.576589,-73.99172,"40.576589,-73.99172",26.7,34.4,34.2,35.1,33.9,25.0,20.7,35.5
109,11225.0,1016,2257,45.02,11225,Brooklyn,NY,40.662892,-73.95509,"40.662892,-73.95509",19.6,27.5,27.4,27.3,27.5,17.5,17.9,15.1
110,11226.0,1894,3987,47.5,11226,Brooklyn,NY,40.645255999999996,-73.95553000000001,"40.645256,-73.95553",18.9,25.0,24.9,24.8,24.9,17.0,16.2,21.7
111,11228.0,571,1390,41.08,11228,Brooklyn,NY,40.617563,-74.01168,"40.617563,-74.01168",13.1,18.3,18.2,19.8,17.4,11.7,12.1,9.9
112,11229.0,1341,3204,41.85,11229,Brooklyn,NY,40.599256,-73.94118,"40.599256,-73.94118",16.1,21.2,21.2,22.0,20.9,14.8,13.7,18.9
113,11230.0,1980,4379,45.22,11230,Brooklyn,NY,40.622994,-73.96427,"40.622994,-73.96427",24.1,29.2,29.1,32.5,27.5,22.2,21.1,26.3
114,11231.0,364,931,39.1,11231,Brooklyn,NY,40.6788,-74.00254,"40.6788,-74.00254",14.8,17.0,17.0,5.3,23.8,14.3,12.6,25.7
115,11232.0,429,818,52.44,11232,Brooklyn,NY,40.655481,-74.00424,"40.655481,-74.00424",27.6,41.2,40.6,47.3,38.1,23.5,23.3,25.5
116,11233.0,1102,2420,45.54,11233,Brooklyn,NY,40.676938,-73.91858,"40.676938,-73.91858",29.8,39.8,39.6,41.3,38.9,26.5,26.1,28.7
117,11234.0,2020,4387,46.05,11234,Brooklyn,NY,40.618561,-73.9216,"40.618561,-73.9216",8.9,11.5,11.3,11.0,11.4,8.1,8.3,7.5
118,11235.0,1743,3800,45.87,11235,Brooklyn,NY,40.583803,-73.95019,"40.583803,-73.95019",20.5,23.5,23.3,25.0,22.5,19.9,15.8,31.6
119,11236.0,2337,4731,49.4,11236,Brooklyn,NY,40.640527,-73.90361999999999,"40.640527,-73.90362",14.0,21.2,21.0,22.1,20.6,12.0,11.5,14.7
120,11237.0,805,1595,50.47,11237,Brooklyn,NY,40.703355,-73.91993000000001,"40.703355,-73.91993",30.8,45.6,45.2,44.7,45.4,26.6,26.2,31.6
121,11238.0,657,1582,41.53,11238,Brooklyn,NY,40.680145,-73.96257,"40.680145,-73.96257",13.9,12.6,12.4,10.8,13.3,14.1,13.2,19.7
122,11239.0,439,969,45.3,11239,Brooklyn,NY,40.645848,-73.87919000000001,"40.645848,-73.87919",30.9,36.0,36.0,44.6,32.9,29.9,22.6,43.0
123,11354.0,951,1973,48.2,11354,Flushing,NY,40.767969,-73.82496,"40.767969,-73.82496",21.6,26.1,26.1,23.1,27.5,20.7,20.5,21.6
124,11355.0,1084,2227,48.68,11355,Flushing,NY,40.749463,-73.81940999999999,"40.749463,-73.81941",23.1,27.6,27.3,26.3,27.7,22.2,21.2,26.4
125,11356.0,482,1070,45.05,11356,College Point,NY,40.785462,-73.84366,"40.785462,-73.84366",12.7,15.3,15.0,8.7,18.3,11.9,11.5,14.1
126,11357.0,710,1666,42.62,11357,Whitestone,NY,40.784453000000006,-73.80922,"40.784453,-73.80922",5.5,4.1,3.8,3.9,3.8,5.8,5.5,6.7
127,11358.0,500,1250,40.0,11358,Flushing,NY,40.760521999999995,-73.79612,"40.760522,-73.79612",9.9,9.8,9.3,5.8,10.6,9.9,9.6,11.0
128,11360.0,288,796,36.18,11360,Bayside,NY,40.780386,-73.78005,"40.780386,-73.78005",6.3,5.6,5.6,0.0,8.0,6.4,5.8,7.8
129,11361.0,394,983,40.08,11361,Bayside,NY,40.763177,-73.77391999999999,"40.763177,-73.77392",7.9,10.1,9.9,9.9,9.9,7.4,7.9,5.0
130,11362.0,275,706,38.95,11362,Little Neck,NY,40.759686,-73.73321999999999,"40.759686,-73.73322",7.2,5.8,5.8,5.0,6.1,7.5,8.4,4.7
131,11363.0,90,250,36.0,11363,Little Neck,NY,40.772636,-73.74644,"40.772636,-73.74644",8.5,14.4,14.4,18.9,13.0,6.8,6.9,6.4
132,11364.0,422,1127,37.44,11364,Oakland Gardens,NY,40.746718,-73.75994,"40.746718,-73.75994",8.0,7.5,7.5,3.4,9.0,8.1,7.8,9.2
133,11365.0,741,1729,42.86,11365,Fresh Meadows,NY,40.738983000000005,-73.79209,"40.738983,-73.79209",13.9,19.3,19.3,27.3,14.9,12.4,12.5,12.1
134,11366.0,354,793,44.64,11366,Fresh Meadows,NY,40.726137,-73.79502,"40.726137,-73.79502",13.6,16.5,16.5,14.7,17.3,12.9,13.7,9.7
135,11367.0,903,2129,42.41,11367,Flushing,NY,40.728614,-73.82145,"40.728614,-73.82145",13.3,16.3,16.3,13.9,17.9,12.4,12.6,11.6
136,11368.0,3774,6304,59.87,11368,Corona,NY,40.747106,-73.85838000000001,"40.747106,-73.85838",21.7,28.6,28.2,24.9,30.0,19.2,19.1,20.5
137,11369.0,1376,2486,55.35,11369,East Elmhurst,NY,40.762854,-73.87051,"40.762854,-73.87051",17.0,25.9,25.5,23.0,26.6,14.7,14.9,13.5
138,11370.0,1225,2409,50.85,11370,East Elmhurst,NY,40.763015,-73.89052,"40.763015,-73.89052",17.7,29.2,29.1,28.6,29.3,14.8,14.7,15.2
139,11372.0,2179,3912,55.7,11372,Jackson Heights,NY,40.750146,-73.88433,"40.750146,-73.88433",16.5,19.3,19.3,18.5,19.7,15.9,15.0,20.1
140,11373.0,2836,5328,53.23,11373,Elmhurst,NY,40.736076000000004,-73.87804,"40.736076,-73.87804",20.3,27.0,26.9,24.8,28.0,18.7,18.4,20.4
141,11374.0,945,2241,42.17,11374,Rego Park,NY,40.724945,-73.8609,"40.724945,-73.8609",15.1,18.1,18.1,13.5,20.5,14.6,13.5,18.2
142,11375.0,1379,3265,42.24,11375,Forest Hills,NY,40.720535,-73.84581999999999,"40.720535,-73.84582",9.7,9.4,8.8,7.7,9.5,9.8,8.4,14.6
143,11377.0,1867,3959,47.16,11377,Woodside,NY,40.742869,-73.90377,"40.742869,-73.90377",15.1,20.2,20.0,21.5,19.3,13.9,14.0,12.9
144,11378.0,651,1512,43.06,11378,Maspeth,NY,40.724096,-73.90271,"40.724096,-73.90271",10.8,14.3,12.6,12.6,12.7,9.9,9.6,11.2
145,11379.0,709,1679,42.23,11379,Middle Village,NY,40.716028,-73.87925,"40.716028,-73.87925",8.7,8.9,8.2,9.6,7.7,8.7,8.8,8.2
146,11385.0,1849,4004,46.18,11385,Ridgewood,NY,40.703069,-73.89285,"40.703069,-73.89285",14.3,21.3,21.2,19.9,21.7,12.3,12.2,13.1
147,11411.0,612,1215,50.37,11411,Cambria Heights,NY,40.693538000000004,-73.73574,"40.693538,-73.73574",3.6,3.4,2.8,1.2,3.3,3.7,3.2,5.0
148,11412.0,1134,2249,50.42,11412,Saint Albans,NY,40.697188,-73.75948000000001,"40.697188,-73.75948",9.4,14.4,13.9,18.3,12.3,7.9,8.0,7.7
149,11413.0,1168,2402,48.63,11413,Springfield Gardens,NY,40.670138,-73.75140999999999,"40.670138,-73.75141",7.0,9.6,9.2,8.0,9.6,6.3,6.0,7.4
150,11414.0,732,1521,48.13,11414,Howard Beach,NY,40.658188,-73.84321,"40.658188,-73.84321",10.7,12.5,12.3,15.3,11.2,10.2,11.1,7.8
151,11415.0,460,1029,44.7,11415,Kew Gardens,NY,40.706903000000004,-73.82973,"40.706903,-73.82973",12.1,15.5,15.0,18.3,13.5,11.2,10.5,14.5
152,11416.0,608,1185,51.31,11416,Ozone Park,NY,40.683301,-73.8503,"40.683301,-73.8503",16.7,24.8,24.8,20.1,26.6,14.0,14.0,14.0
153,11417.0,779,1602,48.63,11417,Ozone Park,NY,40.675534000000006,-73.84476,"40.675534,-73.84476",15.1,20.9,20.7,19.6,21.1,13.5,13.1,15.8
154,11418.0,932,2010,46.37,11418,Richmond Hill,NY,40.698485,-73.83365,"40.698485,-73.83365",16.5,20.7,20.3,19.2,20.7,15.2,15.4,13.0
155,11419.0,1014,2070,48.99,11419,South Richmond Hill,NY,40.688688,-73.82216,"40.688688,-73.82216",15.9,23.0,22.7,24.8,21.9,14.1,14.3,12.4
156,11420.0,1196,2500,47.84,11420,South Ozone Park,NY,40.673138,-73.81443,"40.673138,-73.81443",13.9,20.0,19.6,19.1,19.8,12.2,12.6,9.6
157,11421.0,1037,2123,48.85,11421,Woodhaven,NY,40.690870000000004,-73.85828000000001,"40.69087,-73.85828",12.9,19.5,19.2,19.8,19.0,11.0,10.8,11.7
158,11422.0,869,1849,47.0,11422,Rosedale,NY,40.662538,-73.73514,"40.662538,-73.73514",7.7,10.8,10.0,11.9,9.2,6.9,6.8,7.5
159,11423.0,894,1781,50.2,11423,Hollis,NY,40.714261,-73.76824,"40.714261,-73.76824",10.0,14.2,13.6,13.4,13.7,9.0,9.0,9.2
160,11426.0,455,987,46.1,11426,Bellerose,NY,40.732239,-73.72108,"40.732239,-73.72108",10.7,16.4,16.4,15.5,17.0,9.1,9.1,9.0
161,11427.0,690,1415,48.76,11427,Queens Village,NY,40.728235,-73.74781999999999,"40.728235,-73.74782",9.4,11.2,11.0,11.2,10.8,9.0,8.3,11.8
162,11428.0,606,1145,52.93,11428,Queens Village,NY,40.719981,-73.74127,"40.719981,-73.74127",10.5,16.7,16.5,18.7,15.8,9.0,8.6,11.0
163,11429.0,838,1558,53.79,11429,Queens Village,NY,40.708833,-73.73903,"40.708833,-73.73903",12.0,22.6,21.9,28.0,20.1,9.5,9.4,10.3
164,11432.0,1533,3034,50.53,11432,Jamaica,NY,40.714144,-73.79324,"40.714144,-73.79324",18.9,25.0,24.7,27.7,23.4,17.2,17.0,18.0
165,11433.0,826,1729,47.77,11433,Jamaica,NY,40.696538000000004,-73.78734,"40.696538,-73.78734",18.9,26.3,25.9,29.1,24.9,16.2,15.9,18.2
166,11434.0,1739,3573,48.67,11434,Jamaica,NY,40.674888,-73.7727,"40.674888,-73.7727",11.8,15.8,15.0,19.0,13.5,10.7,10.6,11.2
167,11435.0,1404,2984,47.05,11435,Jamaica,NY,40.700068,-73.80986,"40.700068,-73.80986",18.0,27.8,27.6,20.3,30.8,15.4,15.2,16.9
168,11436.0,464,1000,46.4,11436,Jamaica,NY,40.674146,-73.79687,"40.674146,-73.79687",13.0,18.3,18.1,16.8,18.4,11.5,11.8,9.6
169,11691.0,1950,3715,52.49,11691,Far Rockaway,NY,40.60002,-73.75962,"40.60002,-73.75962",23.4,28.9,28.8,26.2,30.2,20.9,19.5,28.4
170,11692.0,523,1068,48.97,11692,Arverne,NY,40.592939,-73.79568,"40.592939,-73.79568",23.4,34.2,34.1,24.4,37.2,18.7,20.2,9.7
171,11693.0,295,635,46.46,11693,Far Rockaway,NY,40.596959000000005,-73.81978000000001,"40.596959,-73.81978",16.6,27.9,27.7,31.0,26.0,13.5,12.9,16.9
172,11694.0,623,1351,46.11,11694,Rockaway Park,NY,40.57649,-73.84721,"40.57649,-73.84721",6.7,2.6,2.6,3.9,2.1,8.0,7.8,8.4
173,11697.0,85,207,41.06,11697,Breezy Point,NY,40.560167,-73.90890999999999,"40.560167,-73.90891",4.3,2.6,2.6,0.0,3.2,4.8,4.3,6.1
