,MODZCTA,Positive,Total,zcta_cum.perc_pos,Zip,City,State,Latitude,Longitude,geopoint,0,id,Geographic Area Name,Total_RACE,White alone,Black or African American alone,American Indian and Alaska Native alone,Asian alone,Native Hawaiian and Other Pacific Islander alone,Some Other Race alone,Two or More Races
0,10001.0,314,912,34.43,10001,New York,NY,40.750741999999995,-73.99653,"40.750742,-73.99653",1455,8710000US3610001,"ZCTA5 10001, New York",21102,65.03,8.99,0.36,16.77,0.02,5.04,3.8
1,10002.0,890,2122,41.94,10002,New York,NY,40.717040000000004,-73.987,"40.71704,-73.987",912,8710000US3610002,"ZCTA5 10002, New York",81410,31.33,8.4,0.46,46.57,0.04,9.82,3.38
2,10003.0,402,1277,31.48,10003,New York,NY,40.732509,-73.98935,"40.732509,-73.98935",960,8710000US3610003,"ZCTA5 10003, New York",56024,76.39,3.53,0.18,14.44,0.04,2.24,3.18
3,10005.0,54,220,24.55,10005,New York,NY,40.706019,-74.00858000000001,"40.706019,-74.00858",1652,8710000US3610005,"ZCTA5 10005, New York",7135,70.09,3.39,0.14,20.74,0.03,2.24,3.36
4,10006.0,21,95,22.11,10006,New York,NY,40.707904,-74.01342,"40.707904,-74.01342",55,8710000US3610006,"ZCTA5 10006, New York",3011,69.35,4.55,0.13,19.63,0.0,3.22,3.12
5,10007.0,48,209,22.97,10007,New York,NY,40.714754,-74.00721,"40.714754,-74.00721",86,8710000US3610007,"ZCTA5 10007, New York",6988,75.57,6.74,0.07,12.56,0.09,1.29,3.68
6,10009.0,613,1803,34.0,10009,New York,NY,40.727093,-73.97864,"40.727093,-73.97864",1196,8710000US3610009,"ZCTA5 10009, New York",61347,62.07,9.84,0.5,13.66,0.05,9.69,4.2
7,10010.0,237,953,24.87,10010,New York,NY,40.739022,-73.98205,"40.739022,-73.98205",597,8710000US3610010,"ZCTA5 10010, New York",31834,73.8,5.9,0.22,14.41,0.05,2.45,3.19
8,10011.0,469,1348,34.79,10011,New York,NY,40.741012,-74.00012,"40.741012,-74.00012",1587,8710000US3610011,"ZCTA5 10011, New York",50984,80.26,4.61,0.22,8.86,0.05,2.93,3.07
9,10012.0,147,506,29.05,10012,New York,NY,40.72596,-73.99834,"40.72596,-73.99834",1230,8710000US3610012,"ZCTA5 10012, New York",24090,75.56,2.47,0.12,16.54,0.03,2.22,3.05
10,10013.0,220,708,31.07,10013,New York,NY,40.720665999999994,-74.00525999999999,"40.720666,-74.00526",1361,8710000US3610013,"ZCTA5 10013, New York",27700,55.62,3.75,0.11,36.12,0.01,1.77,2.61
11,10014.0,269,783,34.36,10014,New York,NY,40.734718,-74.00532,"40.734718,-74.00532",734,8710000US3610014,"ZCTA5 10014, New York",31959,87.91,2.07,0.17,5.86,0.03,1.23,2.73
12,10016.0,610,2006,30.41,10016,New York,NY,40.746179999999995,-73.97759,"40.74618,-73.97759",1061,8710000US3610016,"ZCTA5 10016, New York",54183,74.78,4.02,0.17,16.61,0.05,2.0,2.38
13,10017.0,125,498,25.1,10017,New York,NY,40.752159000000006,-73.97231,"40.752159,-73.97231",1518,8710000US3610017,"ZCTA5 10017, New York",16575,75.43,3.28,0.09,17.68,0.05,1.16,2.3
14,10018.0,193,565,34.16,10018,New York,NY,40.755101,-73.99337,"40.755101,-73.99337",832,8710000US3610018,"ZCTA5 10018, New York",5229,56.97,7.59,0.33,25.68,0.02,6.22,3.19
15,10019.0,527,1562,33.74,10019,New York,NY,40.765714,-73.9856,"40.765714,-73.9856",519,8710000US3610019,"ZCTA5 10019, New York",42870,69.31,5.51,0.3,16.72,0.06,4.65,3.46
16,10021.0,495,1708,28.98,10021,New York,NY,40.76842,-73.96045,"40.76842,-73.96045",344,8710000US3610021,"ZCTA5 10021, New York",43631,87.99,1.81,0.12,7.29,0.03,0.95,1.8
17,10022.0,299,1082,27.63,10022,New York,NY,40.759015000000005,-73.96732,"40.759015,-73.96732",1709,8710000US3610022,"ZCTA5 10022, New York",31924,86.42,1.85,0.1,9.0,0.05,0.95,1.63
18,10023.0,496,1708,29.04,10023,New York,NY,40.776099,-73.98285,"40.776099,-73.98285",809,8710000US3610023,"ZCTA5 10023, New York",60998,81.54,4.68,0.2,8.97,0.03,2.21,2.37
19,10024.0,576,1874,30.74,10024,New York,NY,40.786387,-73.97709,"40.786387,-73.97709",716,8710000US3610024,"ZCTA5 10024, New York",59283,82.97,5.7,0.22,5.5,0.04,2.87,2.71
20,10025.0,1101,3191,34.5,10025,New York,NY,40.798502,-73.96811,"40.798502,-73.96811",157,8710000US3610025,"ZCTA5 10025, New York",94600,64.86,14.32,0.45,8.25,0.06,7.68,4.39
21,10026.0,564,1482,38.06,10026,New York,NY,40.802853000000006,-73.95470999999999,"40.802853,-73.95471",1657,8710000US3610026,"ZCTA5 10026, New York",34003,21.98,58.7,0.78,4.29,0.11,9.12,5.02
22,10027.0,854,2149,39.74,10027,New York,NY,40.812665,-73.95499000000001,"40.812665,-73.95499",291,8710000US3610027,"ZCTA5 10027, New York",59707,31.09,44.25,0.77,7.57,0.05,11.41,4.87
23,10028.0,429,1488,28.83,10028,New York,NY,40.776777,-73.9541,"40.776777,-73.9541",1403,8710000US3610028,"ZCTA5 10028, New York",45141,87.72,1.7,0.08,7.38,0.04,1.06,2.03
24,10029.0,1559,3562,43.77,10029,New York,NY,40.791585999999995,-73.94575,"40.791586,-73.94575",468,8710000US3610029,"ZCTA5 10029, New York",76003,32.6,31.46,1.09,6.9,0.1,22.85,5.0
25,10030.0,428,1027,41.67,10030,New York,NY,40.818151,-73.94351,"40.818151,-73.94351",353,8710000US3610030,"ZCTA5 10030, New York",26999,10.96,71.85,0.9,1.57,0.09,10.69,3.94
26,10031.0,1082,2279,47.48,10031,New York,NY,40.826201,-73.94879,"40.826201,-73.94879",626,8710000US3610031,"ZCTA5 10031, New York",56438,24.84,33.5,1.33,2.45,0.07,31.04,6.77
27,10032.0,1255,2700,46.48,10032,New York,NY,40.840686,-73.94154,"40.840686,-73.94154",1,8710000US3610032,"ZCTA5 10032, New York",57331,28.27,22.09,1.57,3.47,0.07,37.08,7.47
28,10033.0,1130,2407,46.95,10033,New York,NY,40.848764,-73.93496,"40.848764,-73.93496",869,8710000US3610033,"ZCTA5 10033, New York",53926,42.47,9.73,1.35,2.32,0.06,36.83,7.23
29,10034.0,600,1457,41.18,10034,New York,NY,40.867653000000004,-73.92,"40.867653,-73.92",1304,8710000US3610034,"ZCTA5 10034, New York",38908,37.42,12.85,1.54,2.28,0.07,38.45,7.38
30,10035.0,805,1789,45.0,10035,New York,NY,40.802395000000004,-73.93359,"40.802395,-73.93359",1072,8710000US3610035,"ZCTA5 10035, New York",33969,25.07,43.55,1.29,3.13,0.11,21.59,5.26
31,10036.0,363,1058,34.31,10036,New York,NY,40.759510999999996,-73.99019,"40.759511,-73.99019",1529,8710000US3610036,"ZCTA5 10036, New York",24711,63.68,9.31,0.37,17.09,0.07,5.81,3.67
32,10037.0,371,902,41.13,10037,New York,NY,40.813385,-73.93616,"40.813385,-73.93616",1043,8710000US3610037,"ZCTA5 10037, New York",17416,8.41,77.23,0.66,1.72,0.03,7.9,4.05
33,10038.0,221,588,37.59,10038,New York,NY,40.709677,-74.00365,"40.709677,-74.00365",555,8710000US3610038,"ZCTA5 10038, New York",20300,53.3,8.03,0.22,29.89,0.07,5.03,3.46
34,10039.0,439,1089,40.31,10039,New York,NY,40.826181,-73.9371,"40.826181,-73.9371",643,8710000US3610039,"ZCTA5 10039, New York",24527,10.75,69.8,0.71,1.8,0.03,13.06,3.85
35,10040.0,865,1843,46.93,10040,New York,NY,40.858703999999996,-73.92853000000001,"40.858704,-73.92853",1436,8710000US3610040,"ZCTA5 10040, New York",41905,38.67,11.03,1.28,2.72,0.05,38.59,7.65
36,10044.0,183,424,43.16,10044,New York,NY,40.762174,-73.94917,"40.762174,-73.94917",1792,8710000US3610044,"ZCTA5 10044, New York",11661,51.04,21.28,0.22,18.22,0.43,4.14,4.66
37,10069.0,46,169,27.22,10069,New York,NY,40.775477,-73.9905,"40.775477,-73.9905",782,8710000US3610069,"ZCTA5 10069, New York",5199,72.13,3.58,0.06,20.16,0.0,1.27,2.81
38,10128.0,558,2040,27.35,10128,New York,NY,40.781894,-73.95039,"40.781894,-73.95039",1350,8710000US3610128,"ZCTA5 10128, New York",60453,80.36,4.72,0.16,9.62,0.03,2.43,2.67
39,10280.0,38,178,21.35,10280,New York,NY,40.707467,-74.0178,"40.707467,-74.0178",1472,8710000US3610280,"ZCTA5 10280, New York",7853,69.58,2.99,0.11,22.31,0.08,1.39,3.54
40,10282.0,64,177,36.16,10282,New York,NY,40.717178999999994,-74.01433,"40.717179,-74.01433",847,8710000US3610282,"ZCTA5 10282, New York",4783,78.53,2.4,0.04,13.49,0.04,1.86,3.64
41,10301.0,1020,2501,40.78,10301,Staten Island,NY,40.631775,-74.09432,"40.631775,-74.09432",1273,8710000US3610301,"ZCTA5 10301, New York",39706,54.39,24.59,0.58,6.68,0.08,9.42,4.26
42,10302.0,567,1279,44.33,10302,Staten Island,NY,40.631127,-74.13715,"40.631127,-74.13715",1412,8710000US3610302,"ZCTA5 10302, New York",19088,49.07,21.01,0.81,4.26,0.14,19.66,5.04
43,10303.0,762,1807,42.17,10303,Staten Island,NY,40.629448,-74.16239,"40.629448,-74.16239",985,8710000US3610303,"ZCTA5 10303, New York",26337,33.86,37.52,0.9,7.89,0.04,15.17,4.61
44,10304.0,1248,2973,41.98,10304,Staten Island,NY,40.60787,-74.08991,"40.60787,-74.08991",1466,8710000US3610304,"ZCTA5 10304, New York",42193,47.84,28.84,0.64,9.55,0.04,9.77,3.32
45,10305.0,1104,2906,37.99,10305,Staten Island,NY,40.599021,-74.07503,"40.599021,-74.07503",1653,8710000US3610305,"ZCTA5 10305, New York",41749,76.24,4.38,0.29,10.92,0.07,5.62,2.48
46,10306.0,1316,3757,35.03,10306,Staten Island,NY,40.569394,-74.11785,"40.569394,-74.11785",485,8710000US3610306,"ZCTA5 10306, New York",55909,87.88,2.11,0.28,4.55,0.02,3.28,1.88
47,10307.0,354,1005,35.22,10307,Staten Island,NY,40.508274,-74.24387,"40.508274,-74.24387",1742,8710000US3610307,"ZCTA5 10307, New York",14096,93.43,0.61,0.17,2.48,0.04,1.91,1.36
48,10308.0,587,1756,33.43,10308,Staten Island,NY,40.551353000000006,-74.15098,"40.551353,-74.15098",71,8710000US3610308,"ZCTA5 10308, New York",27357,93.59,0.52,0.11,2.92,0.04,1.54,1.28
49,10309.0,783,2254,34.74,10309,Staten Island,NY,40.529749,-74.21304,"40.529749,-74.21304",1128,8710000US3610309,"ZCTA5 10309, New York",32519,91.06,2.36,0.06,3.82,0.03,1.58,1.09
50,10310.0,663,1721,38.52,10310,Staten Island,NY,40.63212,-74.11551,"40.63212,-74.11551",1787,8710000US3610310,"ZCTA5 10310, New York",24962,54.11,23.29,0.63,5.56,0.01,12.29,4.11
51,10312.0,1389,3818,36.38,10312,Staten Island,NY,40.543116999999995,-74.17628,"40.543117,-74.17628",937,8710000US3610312,"ZCTA5 10312, New York",59304,90.82,0.97,0.15,5.42,0.03,1.3,1.31
52,10314.0,2436,6329,38.49,10314,Staten Island,NY,40.606336999999996,-74.14513000000001,"40.606337,-74.14513",565,8710000US3610314,"ZCTA5 10314, New York",85510,75.89,4.26,0.25,13.45,0.05,3.7,2.41
53,10451.0,1429,3063,46.65,10451,Bronx,NY,40.819728999999995,-73.9223,"40.819729,-73.9223",1678,8710000US3610451,"ZCTA5 10451, New York",45713,19.03,43.37,1.61,1.62,0.08,28.3,5.99
54,10452.0,2016,4323,46.63,10452,Bronx,NY,40.838745,-73.92234,"40.838745,-73.92234",1295,8710000US3610452,"ZCTA5 10452, New York",75371,19.2,36.07,1.61,1.48,0.07,35.3,6.27
55,10453.0,2012,4329,46.48,10453,Bronx,NY,40.853017,-73.91214000000001,"40.853017,-73.91214",1335,8710000US3610453,"ZCTA5 10453, New York",78309,17.4,38.35,1.72,1.36,0.11,34.9,6.17
56,10454.0,982,2197,44.7,10454,Bronx,NY,40.805968,-73.91628,"40.805968,-73.91628",918,8710000US3610454,"ZCTA5 10454, New York",37337,23.98,31.63,2.32,0.58,0.07,35.41,6.01
57,10455.0,1098,2340,46.92,10455,Bronx,NY,40.815559,-73.90771,"40.815559,-73.90771",1133,8710000US3610455,"ZCTA5 10455, New York",39665,24.87,30.55,1.79,0.64,0.07,35.8,6.29
58,10456.0,2162,4842,44.65,10456,Bronx,NY,40.829676,-73.90856,"40.829676,-73.90856",212,8710000US3610456,"ZCTA5 10456, New York",86547,15.4,48.4,1.51,1.03,0.27,27.55,5.83
59,10457.0,1805,4017,44.93,10457,Bronx,NY,40.846745,-73.89860999999999,"40.846745,-73.89861",264,8710000US3610457,"ZCTA5 10457, New York",70496,20.28,38.28,1.64,1.65,0.12,31.95,6.08
60,10458.0,1759,3943,44.61,10458,Bronx,NY,40.864166,-73.88880999999999,"40.864166,-73.88881",658,8710000US3610458,"ZCTA5 10458, New York",79492,29.72,25.95,1.65,4.0,0.09,32.72,5.87
61,10459.0,1315,2719,48.36,10459,Bronx,NY,40.825432,-73.89327,"40.825432,-73.89327",698,8710000US3610459,"ZCTA5 10459, New York",47308,23.29,35.37,1.92,0.83,0.11,31.65,6.83
62,10460.0,1425,3100,45.97,10460,Bronx,NY,40.84095,-73.88036,"40.84095,-73.88036",359,8710000US3610460,"ZCTA5 10460, New York",57311,24.68,36.4,1.72,1.46,0.1,29.96,5.68
63,10461.0,1708,4019,42.5,10461,Bronx,NY,40.842917,-73.83819,"40.842917,-73.83819",1329,8710000US3610461,"ZCTA5 10461, New York",50502,59.15,8.58,0.66,10.54,0.05,17.2,3.83
64,10462.0,2010,4681,42.94,10462,Bronx,NY,40.842172999999995,-73.85862,"40.842173,-73.85862",625,8710000US3610462,"ZCTA5 10462, New York",75784,32.31,29.58,0.98,10.86,0.08,20.78,5.41
65,10463.0,1645,4050,40.62,10463,Bronx,NY,40.881085999999996,-73.90749,"40.881086,-73.90749",56,8710000US3610463,"ZCTA5 10463, New York",67970,51.29,16.48,0.81,4.4,0.05,22.02,4.95
66,10464.0,114,363,31.4,10464,Bronx,NY,40.857017,-73.78903000000001,"40.857017,-73.78903",1519,8710000US3610464,"ZCTA5 10464, New York",4534,85.02,3.88,0.51,3.09,0.15,5.07,2.27
67,10465.0,1365,3606,37.85,10465,Bronx,NY,40.825727,-73.81752,"40.825727,-73.81752",1589,8710000US3610465,"ZCTA5 10465, New York",42230,69.2,10.74,0.63,3.08,0.06,13.02,3.26
68,10466.0,2108,4511,46.73,10466,Bronx,NY,40.89095,-73.84702,"40.89095,-73.84702",117,8710000US3610466,"ZCTA5 10466, New York",67813,10.04,72.71,0.85,2.3,0.07,10.57,3.46
69,10467.0,2952,6235,47.35,10467,Bronx,NY,40.872265000000006,-73.86936999999999,"40.872265,-73.86937",709,8710000US3610467,"ZCTA5 10467, New York",97060,26.6,38.89,1.22,6.44,0.06,21.84,4.95
70,10468.0,2153,4313,49.92,10468,Bronx,NY,40.867107,-73.89916,"40.867107,-73.89916",1036,8710000US3610468,"ZCTA5 10468, New York",76103,24.78,25.92,1.68,4.65,0.07,36.13,6.77
71,10469.0,2600,5379,48.34,10469,Bronx,NY,40.868643,-73.84735,"40.868643,-73.84735",341,8710000US3610469,"ZCTA5 10469, New York",66631,22.65,59.01,0.64,4.12,0.06,10.32,3.21
72,10470.0,398,955,41.68,10470,Bronx,NY,40.900628999999995,-73.86072,"40.900629,-73.86072",201,8710000US3610470,"ZCTA5 10470, New York",15293,48.46,35.81,0.78,3.62,0.03,7.89,3.41
73,10471.0,535,1385,38.63,10471,Bronx,NY,40.900819,-73.90347,"40.900819,-73.90347",1636,8710000US3610471,"ZCTA5 10471, New York",22922,72.88,10.6,0.34,5.91,0.02,6.98,3.26
74,10472.0,1694,3365,50.34,10472,Bronx,NY,40.830409,-73.86845,"40.830409,-73.86845",903,8710000US3610472,"ZCTA5 10472, New York",66358,24.89,30.82,1.49,6.12,0.12,30.61,5.95
75,10473.0,1709,3859,44.29,10473,Bronx,NY,40.818514,-73.85893,"40.818514,-73.85893",1628,8710000US3610473,"ZCTA5 10473, New York",58519,23.42,44.12,1.22,1.66,0.11,23.81,5.65
76,10474.0,286,645,44.34,10474,Bronx,NY,40.81321,-73.88755,"40.81321,-73.88755",285,8710000US3610474,"ZCTA5 10474, New York",12281,23.06,34.45,1.6,1.04,0.09,32.9,6.86
77,10475.0,1545,3807,40.58,10475,Bronx,NY,40.878522,-73.82540999999999,"40.878522,-73.82541",1208,8710000US3610475,"ZCTA5 10475, New York",40931,21.55,63.6,0.52,1.29,0.04,9.17,3.82
78,11004.0,515,943,54.61,11004,Glen Oaks,NY,40.742944,-73.70956,"40.742944,-73.70956",1783,8710000US3611004,"ZCTA5 11004, New York",14016,49.97,6.33,0.38,36.45,0.04,2.9,3.94
79,11101.0,542,1450,37.38,11101,Long Island City,NY,40.745340999999996,-73.93907,"40.745341,-73.93907",1394,8710000US3611101,"ZCTA5 11101, New York",25484,42.54,20.79,0.7,16.02,0.07,15.48,4.39
80,11102.0,528,1235,42.75,11102,Astoria,NY,40.771285999999996,-73.92461999999999,"40.771286,-73.92462",1215,8710000US3611102,"ZCTA5 11102, New York",34133,55.74,9.81,0.88,15.3,0.06,14.11,4.1
81,11103.0,465,1169,39.78,11103,Astoria,NY,40.762968,-73.91091,"40.762968,-73.91091",101,8710000US3611103,"ZCTA5 11103, New York",38780,67.88,1.91,0.57,14.23,0.05,11.72,3.64
82,11104.0,418,1006,41.55,11104,Sunnyside,NY,40.743796,-73.91949,"40.743796,-73.91949",161,8710000US3611104,"ZCTA5 11104, New York",27232,54.23,2.17,0.66,25.98,0.03,12.47,4.45
83,11105.0,433,1247,34.72,11105,Astoria,NY,40.774685999999996,-73.90816,"40.774686,-73.90816",1410,8710000US3611105,"ZCTA5 11105, New York",36688,75.5,2.17,0.27,11.23,0.06,7.24,3.54
84,11106.0,560,1383,40.49,11106,Astoria,NY,40.762012,-73.93146999999999,"40.762012,-73.93147",7,8710000US3611106,"ZCTA5 11106, New York",38875,54.55,8.92,0.57,19.16,0.04,12.59,4.16
85,11109.0,46,191,24.08,11109,Long Island City,NY,40.651378,-73.870779,"40.651378,-73.870779",380,8710000US3611109,"ZCTA5 11109, New York",3523,66.68,4.43,0.14,21.8,0.11,2.75,4.09
86,11201.0,544,1756,30.98,11201,Brooklyn,NY,40.695285999999996,-73.98907,"40.695286,-73.98907",1495,8710000US3611201,"ZCTA5 11201, New York",51128,67.12,15.14,0.3,9.85,0.06,3.76,3.78
87,11203.0,1771,3732,47.45,11203,Brooklyn,NY,40.649059,-73.93304,"40.649059,-73.93304",1260,8710000US3611203,"ZCTA5 11203, New York",76174,3.55,91.15,0.29,1.26,0.04,1.6,2.12
88,11204.0,1705,3826,44.56,11204,Brooklyn,NY,40.618944,-73.98473,"40.618944,-73.98473",1274,8710000US3611204,"ZCTA5 11204, New York",78134,66.38,0.77,0.18,26.36,0.05,4.67,1.59
89,11205.0,613,1738,35.27,11205,Brooklyn,NY,40.694214,-73.96529,"40.694214,-73.96529",1010,8710000US3611205,"ZCTA5 11205, New York",40366,45.67,34.43,0.59,5.08,0.1,9.94,4.19
90,11206.0,1315,3096,42.47,11206,Brooklyn,NY,40.702348,-73.94288,"40.702348,-73.94288",585,8710000US3611206,"ZCTA5 11206, New York",81677,42.28,28.29,0.9,5.54,0.06,18.85,4.08
91,11207.0,1745,3876,45.02,11207,Brooklyn,NY,40.670874,-73.89424,"40.670874,-73.89424",836,8710000US3611207,"ZCTA5 11207, New York",93386,11.39,66.84,0.9,1.14,0.14,15.64,3.95
92,11208.0,1953,3945,49.51,11208,Brooklyn,NY,40.672666,-73.87248000000001,"40.672666,-73.87248",1506,8710000US3611208,"ZCTA5 11208, New York",94469,15.66,47.79,1.2,8.34,0.1,21.93,4.97
93,11209.0,985,2658,37.06,11209,Brooklyn,NY,40.62327,-74.0295,"40.62327,-74.0295",1672,8710000US3611209,"ZCTA5 11209, New York",68853,77.1,2.16,0.29,11.56,0.04,5.7,3.15
94,11210.0,1466,3177,46.14,11210,Brooklyn,NY,40.627946,-73.94552,"40.627946,-73.94552",425,8710000US3611210,"ZCTA5 11210, New York",62008,33.3,57.77,0.32,3.51,0.05,2.82,2.24
95,11211.0,1769,4235,41.77,11211,Brooklyn,NY,40.71209,-73.95427,"40.71209,-73.95427",662,8710000US3611211,"ZCTA5 11211, New York",90117,76.05,4.99,0.58,3.82,0.06,11.4,3.1
96,11212.0,1534,3413,44.95,11212,Brooklyn,NY,40.662191,-73.91328,"40.662191,-73.91328",938,8710000US3611212,"ZCTA5 11212, New York",84500,4.52,85.16,0.57,0.72,0.04,6.29,2.69
97,11213.0,1215,2650,45.85,11213,Brooklyn,NY,40.670937,-73.93459,"40.670937,-73.93459",9,8710000US3611213,"ZCTA5 11213, New York",63767,19.59,72.85,0.39,0.87,0.03,3.79,2.48
98,11214.0,1316,2949,44.63,11214,Brooklyn,NY,40.598994,-73.99611,"40.598994,-73.99611",949,8710000US3611214,"ZCTA5 11214, New York",88630,57.56,1.15,0.32,32.33,0.08,6.64,1.93
99,11215.0,536,1688,31.75,11215,Brooklyn,NY,40.667508000000005,-73.9856,"40.667508,-73.9856",926,8710000US3611215,"ZCTA5 11215, New York",63488,76.4,6.07,0.37,6.36,0.05,6.37,4.38
100,11216.0,617,1599,38.59,11216,Brooklyn,NY,40.680398,-73.94824,"40.680398,-73.94824",961,8710000US3611216,"ZCTA5 11216, New York",54316,12.74,76.48,0.44,3.01,0.04,3.84,3.44
101,11217.0,494,1190,41.51,11217,Brooklyn,NY,40.68209,-73.97783000000001,"40.68209,-73.97783",40,8710000US3611217,"ZCTA5 11217, New York",35881,59.37,22.86,0.45,6.09,0.04,6.47,4.73
102,11218.0,1476,3185,46.34,11218,Brooklyn,NY,40.644552000000004,-73.97595,"40.644552,-73.97595",191,8710000US3611218,"ZCTA5 11218, New York",75220,57.38,9.9,0.61,18.68,0.03,9.49,3.9
103,11219.0,2443,5615,43.51,11219,Brooklyn,NY,40.632449,-73.99629,"40.632449,-73.99629",1395,8710000US3611219,"ZCTA5 11219, New York",92221,68.22,1.22,0.24,22.74,0.06,5.9,1.62
104,11220.0,1287,2691,47.83,11220,Brooklyn,NY,40.641436,-74.01574000000001,"40.641436,-74.01574",160,8710000US3611220,"ZCTA5 11220, New York",99598,30.62,2.99,1.05,41.55,0.03,20.15,3.62
105,11221.0,1080,2465,43.81,11221,Brooklyn,NY,40.691234,-73.92636999999999,"40.691234,-73.92637",807,8710000US3611221,"ZCTA5 11221, New York",78895,17.46,56.75,1.05,2.06,0.09,18.4,4.19
106,11222.0,384,1006,38.17,11222,Brooklyn,NY,40.726302000000004,-73.94559,"40.726302,-73.94559",1278,8710000US3611222,"ZCTA5 11222, New York",36934,83.54,2.18,0.3,4.91,0.05,6.24,2.77
107,11223.0,1459,3349,43.57,11223,Brooklyn,NY,40.598141999999996,-73.97229,"40.598142,-73.97229",969,8710000US3611223,"ZCTA5 11223, New York",78731,66.12,4.17,0.37,21.12,0.03,6.14,2.04
108,11224.0,960,2132,45.03,11224,Brooklyn,NY,40.576589,-73.99172,"40.576589,-73.99172",1126,8710000US3611224,"ZCTA5 11224, New York",47621,59.33,24.78,0.52,5.99,0.03,6.75,2.59
109,11225.0,1016,2257,45.02,11225,Brooklyn,NY,40.662892,-73.95509,"40.662892,-73.95509",249,8710000US3611225,"ZCTA5 11225, New York",56829,16.54,75.25,0.42,1.5,0.04,3.32,2.93
110,11226.0,1894,3987,47.5,11226,Brooklyn,NY,40.645255999999996,-73.95553000000001,"40.645256,-73.95553",1777,8710000US3611226,"ZCTA5 11226, New York",101572,9.86,75.66,0.54,2.97,0.04,7.72,3.21
111,11228.0,571,1390,41.08,11228,Brooklyn,NY,40.617563,-74.01168,"40.617563,-74.01168",1646,8710000US3611228,"ZCTA5 11228, New York",41788,68.14,0.68,0.19,24.44,0.04,4.79,1.72
112,11229.0,1341,3204,41.85,11229,Brooklyn,NY,40.599256,-73.94118,"40.599256,-73.94118",1113,8710000US3611229,"ZCTA5 11229, New York",80018,71.27,5.48,0.18,18.24,0.02,3.01,1.81
113,11230.0,1980,4379,45.22,11230,Brooklyn,NY,40.622994,-73.96427,"40.622994,-73.96427",1125,8710000US3611230,"ZCTA5 11230, New York",86408,71.35,8.38,0.36,12.95,0.03,4.99,1.94
114,11231.0,364,931,39.1,11231,Brooklyn,NY,40.6788,-74.00254,"40.6788,-74.00254",492,8710000US3611231,"ZCTA5 11231, New York",33336,68.85,15.04,0.53,4.24,0.04,7.3,3.98
115,11232.0,429,818,52.44,11232,Brooklyn,NY,40.655481,-74.00424,"40.655481,-74.00424",725,8710000US3611232,"ZCTA5 11232, New York",28265,42.78,7.32,2.06,16.16,0.1,25.72,5.87
116,11233.0,1102,2420,45.54,11233,Brooklyn,NY,40.676938,-73.91858,"40.676938,-73.91858",1715,8710000US3611233,"ZCTA5 11233, New York",67053,5.41,84.77,0.7,0.86,0.03,5.36,2.88
117,11234.0,2020,4387,46.05,11234,Brooklyn,NY,40.618561,-73.9216,"40.618561,-73.9216",325,8710000US3611234,"ZCTA5 11234, New York",87757,47.83,42.19,0.29,4.68,0.02,2.78,2.21
118,11235.0,1743,3800,45.87,11235,Brooklyn,NY,40.583803,-73.95019,"40.583803,-73.95019",883,8710000US3611235,"ZCTA5 11235, New York",79132,78.05,2.18,0.31,12.83,0.01,4.77,1.85
119,11236.0,2337,4731,49.4,11236,Brooklyn,NY,40.640527,-73.90361999999999,"40.640527,-73.90362",689,8710000US3611236,"ZCTA5 11236, New York",93877,7.47,85.04,0.33,2.51,0.01,2.56,2.06
120,11237.0,805,1595,50.47,11237,Brooklyn,NY,40.703355,-73.91993000000001,"40.703355,-73.91993",641,8710000US3611237,"ZCTA5 11237, New York",49896,36.16,10.87,1.39,6.93,0.08,38.56,6.02
121,11238.0,657,1582,41.53,11238,Brooklyn,NY,40.680145,-73.96257,"40.680145,-73.96257",877,8710000US3611238,"ZCTA5 11238, New York",49262,37.92,47.89,0.35,5.46,0.07,3.74,4.57
122,11239.0,439,969,45.3,11239,Brooklyn,NY,40.645848,-73.87919000000001,"40.645848,-73.87919",1718,8710000US3611239,"ZCTA5 11239, New York",13393,31.33,57.07,0.4,2.92,0.01,5.43,2.83
123,11354.0,951,1973,48.2,11354,Flushing,NY,40.767969,-73.82496,"40.767969,-73.82496",454,8710000US3611354,"ZCTA5 11354, New York",54878,28.02,3.84,0.25,58.75,0.12,6.16,2.87
124,11355.0,1084,2227,48.68,11355,Flushing,NY,40.749463,-73.81940999999999,"40.749463,-73.81941",1772,8710000US3611355,"ZCTA5 11355, New York",85871,16.54,3.3,0.27,70.88,0.03,5.95,3.02
125,11356.0,482,1070,45.05,11356,College Point,NY,40.785462,-73.84366,"40.785462,-73.84366",1037,8710000US3611356,"ZCTA5 11356, New York",23438,50.93,2.59,0.37,27.26,0.03,15.0,3.81
126,11357.0,710,1666,42.62,11357,Whitestone,NY,40.784453000000006,-73.80922,"40.784453,-73.80922",967,8710000US3611357,"ZCTA5 11357, New York",39150,76.15,0.96,0.08,18.28,0.01,2.69,1.82
127,11358.0,500,1250,40.0,11358,Flushing,NY,40.760521999999995,-73.79612,"40.760522,-73.79612",275,8710000US3611358,"ZCTA5 11358, New York",37546,50.17,1.1,0.13,40.09,0.01,5.96,2.54
128,11360.0,288,796,36.18,11360,Bayside,NY,40.780386,-73.78005,"40.780386,-73.78005",930,8710000US3611360,"ZCTA5 11360, New York",18884,71.0,1.53,0.06,23.61,0.01,2.25,1.55
129,11361.0,394,983,40.08,11361,Bayside,NY,40.763177,-73.77391999999999,"40.763177,-73.77392",1258,8710000US3611361,"ZCTA5 11361, New York",28606,54.43,3.9,0.08,35.38,0.02,3.96,2.23
130,11362.0,275,706,38.95,11362,Little Neck,NY,40.759686,-73.73321999999999,"40.759686,-73.73322",791,8710000US3611362,"ZCTA5 11362, New York",17823,56.87,1.58,0.1,37.44,0.01,2.0,2.01
131,11363.0,90,250,36.0,11363,Little Neck,NY,40.772636,-73.74644,"40.772636,-73.74644",898,8710000US3611363,"ZCTA5 11363, New York",6988,63.24,1.09,0.14,31.27,0.0,2.33,1.93
132,11364.0,422,1127,37.44,11364,Oakland Gardens,NY,40.746718,-73.75994,"40.746718,-73.75994",1780,8710000US3611364,"ZCTA5 11364, New York",34555,46.2,2.27,0.07,47.05,0.02,2.36,2.02
133,11365.0,741,1729,42.86,11365,Fresh Meadows,NY,40.738983000000005,-73.79209,"40.738983,-73.79209",26,8710000US3611365,"ZCTA5 11365, New York",42252,40.74,8.84,0.29,41.67,0.04,4.95,3.48
134,11366.0,354,793,44.64,11366,Fresh Meadows,NY,40.726137,-73.79502,"40.726137,-73.79502",321,8710000US3611366,"ZCTA5 11366, New York",13532,46.02,6.35,0.29,40.44,0.09,3.94,2.88
135,11367.0,903,2129,42.41,11367,Flushing,NY,40.728614,-73.82145,"40.728614,-73.82145",664,8710000US3611367,"ZCTA5 11367, New York",41047,59.44,10.0,0.26,20.88,0.04,5.32,4.06
136,11368.0,3774,6304,59.87,11368,Corona,NY,40.747106,-73.85838000000001,"40.747106,-73.85838",1096,8710000US3611368,"ZCTA5 11368, New York",109931,32.0,11.64,1.52,10.01,0.04,38.69,6.09
137,11369.0,1376,2486,55.35,11369,East Elmhurst,NY,40.762854,-73.87051,"40.762854,-73.87051",1066,8710000US3611369,"ZCTA5 11369, New York",38615,34.38,19.82,1.15,8.83,0.07,30.03,5.72
138,11370.0,1225,2409,50.85,11370,East Elmhurst,NY,40.763015,-73.89052,"40.763015,-73.89052",650,8710000US3611370,"ZCTA5 11370, New York",39688,41.7,17.75,0.67,16.93,0.09,19.51,3.34
139,11372.0,2179,3912,55.7,11372,Jackson Heights,NY,40.750146,-73.88433,"40.750146,-73.88433",1415,8710000US3611372,"ZCTA5 11372, New York",66636,45.84,3.14,0.85,20.51,0.04,24.44,5.18
140,11373.0,2836,5328,53.23,11373,Elmhurst,NY,40.736076000000004,-73.87804,"40.736076,-73.87804",534,8710000US3611373,"ZCTA5 11373, New York",100820,26.72,2.08,0.76,47.09,0.05,18.78,4.52
141,11374.0,945,2241,42.17,11374,Rego Park,NY,40.724945,-73.8609,"40.724945,-73.8609",1690,8710000US3611374,"ZCTA5 11374, New York",43600,61.56,3.0,0.26,26.72,0.05,5.1,3.32
142,11375.0,1379,3265,42.24,11375,Forest Hills,NY,40.720535,-73.84581999999999,"40.720535,-73.84582",29,8710000US3611375,"ZCTA5 11375, New York",68733,65.36,2.92,0.16,25.28,0.04,3.21,3.03
143,11377.0,1867,3959,47.16,11377,Woodside,NY,40.742869,-73.90377,"40.742869,-73.90377",1062,8710000US3611377,"ZCTA5 11377, New York",89830,37.89,3.41,0.89,36.62,0.04,16.26,4.89
144,11378.0,651,1512,43.06,11378,Maspeth,NY,40.724096,-73.90271,"40.724096,-73.90271",1351,8710000US3611378,"ZCTA5 11378, New York",34981,73.5,1.58,0.4,10.39,0.05,11.49,2.6
145,11379.0,709,1679,42.23,11379,Middle Village,NY,40.716028,-73.87925,"40.716028,-73.87925",691,8710000US3611379,"ZCTA5 11379, New York",34821,83.08,1.04,0.17,8.15,0.03,5.71,1.81
146,11385.0,1849,4004,46.18,11385,Ridgewood,NY,40.703069,-73.89285,"40.703069,-73.89285",1106,8710000US3611385,"ZCTA5 11385, New York",98592,65.51,3.36,0.73,6.49,0.06,19.96,3.89
147,11411.0,612,1215,50.37,11411,Cambria Heights,NY,40.693538000000004,-73.73574,"40.693538,-73.73574",1594,8710000US3611411,"ZCTA5 11411, New York",18556,2.09,93.34,0.31,0.68,0.03,1.32,2.24
148,11412.0,1134,2249,50.42,11412,Saint Albans,NY,40.697188,-73.75948000000001,"40.697188,-73.75948",671,8710000US3611412,"ZCTA5 11412, New York",34882,1.4,92.02,0.36,1.05,0.03,2.42,2.73
149,11413.0,1168,2402,48.63,11413,Springfield Gardens,NY,40.670138,-73.75140999999999,"40.670138,-73.75141",456,8710000US3611413,"ZCTA5 11413, New York",38912,2.26,91.81,0.38,0.88,0.02,2.15,2.5
150,11414.0,732,1521,48.13,11414,Howard Beach,NY,40.658188,-73.84321,"40.658188,-73.84321",692,8710000US3611414,"ZCTA5 11414, New York",26148,87.02,2.02,0.2,3.6,0.03,5.1,2.03
151,11415.0,460,1029,44.7,11415,Kew Gardens,NY,40.706903000000004,-73.82973,"40.706903,-73.82973",838,8710000US3611415,"ZCTA5 11415, New York",19341,62.26,7.32,0.34,16.76,0.07,8.56,4.71
152,11416.0,608,1185,51.31,11416,Ozone Park,NY,40.683301,-73.8503,"40.683301,-73.8503",516,8710000US3611416,"ZCTA5 11416, New York",24861,31.77,11.29,1.45,23.0,0.11,24.38,7.99
153,11417.0,779,1602,48.63,11417,Ozone Park,NY,40.675534000000006,-73.84476,"40.675534,-73.84476",551,8710000US3611417,"ZCTA5 11417, New York",28967,41.04,8.94,1.35,20.35,0.13,20.44,7.76
154,11418.0,932,2010,46.37,11418,Richmond Hill,NY,40.698485,-73.83365,"40.698485,-73.83365",921,8710000US3611418,"ZCTA5 11418, New York",36256,36.95,10.91,1.23,20.82,0.2,21.9,7.99
155,11419.0,1014,2070,48.99,11419,South Richmond Hill,NY,40.688688,-73.82216,"40.688688,-73.82216",851,8710000US3611419,"ZCTA5 11419, New York",47211,12.34,18.18,1.92,33.17,0.21,20.12,14.06
156,11420.0,1196,2500,47.84,11420,South Ozone Park,NY,40.673138,-73.81443,"40.673138,-73.81443",1654,8710000US3611420,"ZCTA5 11420, New York",44354,15.56,32.58,1.69,20.11,0.21,19.1,10.74
157,11421.0,1037,2123,48.85,11421,Woodhaven,NY,40.690870000000004,-73.85828000000001,"40.69087,-73.85828",759,8710000US3611421,"ZCTA5 11421, New York",39127,43.21,7.79,1.29,15.73,0.07,25.36,6.57
158,11422.0,869,1849,47.0,11422,Rosedale,NY,40.662538,-73.73514,"40.662538,-73.73514",1020,8710000US3611422,"ZCTA5 11422, New York",30425,7.26,83.73,0.43,2.11,0.02,3.62,2.84
159,11423.0,894,1781,50.2,11423,Hollis,NY,40.714261,-73.76824,"40.714261,-73.76824",1494,8710000US3611423,"ZCTA5 11423, New York",29987,15.3,42.36,1.17,19.68,0.15,13.48,7.87
160,11426.0,455,987,46.1,11426,Bellerose,NY,40.732239,-73.72108,"40.732239,-73.72108",1269,8710000US3611426,"ZCTA5 11426, New York",17590,46.28,5.64,0.39,35.79,0.02,6.81,5.06
161,11427.0,690,1415,48.76,11427,Queens Village,NY,40.728235,-73.74781999999999,"40.728235,-73.74782",1308,8710000US3611427,"ZCTA5 11427, New York",23593,28.1,23.99,0.62,32.18,0.22,9.63,5.27
162,11428.0,606,1145,52.93,11428,Queens Village,NY,40.719981,-73.74127,"40.719981,-73.74127",798,8710000US3611428,"ZCTA5 11428, New York",19168,22.81,24.43,0.9,26.71,0.21,16.1,8.83
163,11429.0,838,1558,53.79,11429,Queens Village,NY,40.708833,-73.73903,"40.708833,-73.73903",1513,8710000US3611429,"ZCTA5 11429, New York",25105,6.09,80.82,0.57,3.35,0.14,5.38,3.66
164,11432.0,1533,3034,50.53,11432,Jamaica,NY,40.714144,-73.79324,"40.714144,-73.79324",255,8710000US3611432,"ZCTA5 11432, New York",60809,23.84,19.77,1.01,35.52,0.1,13.71,6.05
165,11433.0,826,1729,47.77,11433,Jamaica,NY,40.696538000000004,-73.78734,"40.696538,-73.78734",854,8710000US3611433,"ZCTA5 11433, New York",32687,5.26,75.27,1.23,5.01,0.08,9.06,4.1
166,11434.0,1739,3573,48.67,11434,Jamaica,NY,40.674888,-73.7727,"40.674888,-73.7727",1281,8710000US3611434,"ZCTA5 11434, New York",59129,2.89,88.36,0.46,1.53,0.04,3.75,2.96
167,11435.0,1404,2984,47.05,11435,Jamaica,NY,40.700068,-73.80986,"40.700068,-73.80986",640,8710000US3611435,"ZCTA5 11435, New York",53687,26.4,27.68,1.17,19.68,0.22,18.26,6.6
168,11436.0,464,1000,46.4,11436,Jamaica,NY,40.674146,-73.79687,"40.674146,-73.79687",1724,8710000US3611436,"ZCTA5 11436, New York",17949,3.86,75.71,1.15,6.46,0.1,7.64,5.08
169,11691.0,1950,3715,52.49,11691,Far Rockaway,NY,40.60002,-73.75962,"40.60002,-73.75962",1164,8710000US3611691,"ZCTA5 11691, New York",60035,30.99,50.14,0.79,1.99,0.1,12.03,3.95
170,11692.0,523,1068,48.97,11692,Arverne,NY,40.592939,-73.79568,"40.592939,-73.79568",389,8710000US3611692,"ZCTA5 11692, New York",18540,16.45,66.36,0.63,2.8,0.05,9.87,3.85
171,11693.0,295,635,46.46,11693,Far Rockaway,NY,40.596959000000005,-73.81978000000001,"40.596959,-73.81978",983,8710000US3611693,"ZCTA5 11693, New York",11916,55.4,30.82,0.52,3.12,0.01,6.86,3.26
172,11694.0,623,1351,46.11,11694,Rockaway Park,NY,40.57649,-73.84721,"40.57649,-73.84721",542,8710000US3611694,"ZCTA5 11694, New York",20408,82.46,9.17,0.19,2.51,0.05,3.84,1.77
173,11697.0,85,207,41.06,11697,Breezy Point,NY,40.560167,-73.90890999999999,"40.560167,-73.90891",1496,8710000US3611697,"ZCTA5 11697, New York",4079,98.16,0.12,0.12,0.59,0.02,0.37,0.61
