,MODZCTA,Positive,Total,zcta_cum.perc_pos,Zip,City,State,Latitude,Longitude,geopoint,0,id,Geographic Area Name,Total_SEX BY AGE,Male,Male!!Under 5 years,Male!!5 to 9 years,Male!!10 to 14 years,Male!!15 to 17 years,Male!!18 and 19 years,Male!!20 years,Male!!21 years,Male!!22 to 24 years,Male!!25 to 29 years,Male!!30 to 34 years,Male!!35 to 39 years,Male!!40 to 44 years,Male!!45 to 49 years,Male!!50 to 54 years,Male!!55 to 59 years,Male!!60 and 61 years,Male!!62 to 64 years,Male!!65 and 66 years,Male!!67 to 69 years,Male!!70 to 74 years,Male!!75 to 79 years,Male!!80 to 84 years,Male!!85 years and over,Female,Female!!Under 5 years,Female!!5 to 9 years,Female!!10 to 14 years,Female!!15 to 17 years,Female!!18 and 19 years,Female!!20 years,Female!!21 years,Female!!22 to 24 years,Female!!25 to 29 years,Female!!30 to 34 years,Female!!35 to 39 years,Female!!40 to 44 years,Female!!45 to 49 years,Female!!50 to 54 years,Female!!55 to 59 years,Female!!60 and 61 years,Female!!62 to 64 years,Female!!65 and 66 years,Female!!67 to 69 years,Female!!70 to 74 years,Female!!75 to 79 years,Female!!80 to 84 years,Female!!85 years and over
0,10001.0,231,480,48.12,10001,New York,NY,40.750741999999995,-73.99653,"40.750742,-73.99653",1455,8710000US3610001,"ZCTA5 10001, New York",21102,10184,336,240,240,155,212,121,136,618,1309,1150,935,904,864,723,669,220,286,155,183,263,199,151,115,10918,288,218,248,131,878,296,324,1137,1432,945,701,560,537,582,539,219,322,202,254,310,269,212,314
1,10002.0,578,1094,52.83,10002,New York,NY,40.717040000000004,-73.987,"40.71704,-73.987",912,8710000US3610002,"ZCTA5 10002, New York",81410,38570,1907,1822,1883,1224,910,498,562,1938,3649,3274,2876,2654,2685,2662,2455,932,1099,594,797,1422,1180,825,722,42840,1713,1841,1777,1111,853,549,576,2226,3809,3224,2835,2713,2798,2903,2872,1231,1500,794,1058,1801,1635,1425,1596
2,10003.0,290,692,41.91,10003,New York,NY,40.732509,-73.98935,"40.732509,-73.98935",960,8710000US3610003,"ZCTA5 10003, New York",56024,26750,689,468,342,235,2164,912,665,1781,3810,3180,2317,1865,1691,1471,1435,539,734,396,478,595,416,306,261,29274,716,434,395,264,3319,1239,979,2393,4425,3071,1992,1412,1228,1363,1443,596,838,428,539,733,546,419,502
3,10005.0,40,122,32.79,10005,New York,NY,40.706019,-74.00858000000001,"40.706019,-74.00858",1652,8710000US3610005,"ZCTA5 10005, New York",7135,3443,115,43,26,14,13,16,54,451,973,713,396,235,167,98,64,22,15,8,9,7,1,1,2,3692,136,41,24,12,40,61,94,718,1117,620,324,179,119,58,77,14,25,12,9,3,2,4,3
4,10006.0,11,46,23.91,10006,New York,NY,40.707904,-74.01342,"40.707904,-74.01342",55,8710000US3610006,"ZCTA5 10006, New York",3011,1519,39,14,22,5,11,17,23,198,408,305,194,93,69,40,41,16,8,2,6,5,1,2,0,1492,44,13,17,8,6,39,66,249,438,246,163,72,38,45,20,11,9,1,3,3,0,1,0
5,10007.0,35,112,31.25,10007,New York,NY,40.714754,-74.00721,"40.714754,-74.00721",86,8710000US3610007,"ZCTA5 10007, New York",6988,3958,319,166,82,29,24,28,38,169,432,648,663,490,305,200,154,41,53,24,31,28,18,10,6,3030,328,161,71,39,28,29,32,139,367,538,443,278,179,128,113,46,41,17,21,12,9,4,7
6,10009.0,407,918,44.34,10009,New York,NY,40.727093,-73.97864,"40.727093,-73.97864",1196,8710000US3610009,"ZCTA5 10009, New York",61347,28433,1062,974,1067,673,554,416,500,2258,4172,2879,2084,2011,1995,1879,1689,593,722,379,567,753,514,352,340,32914,1033,931,1009,691,550,548,722,3038,4797,2862,2078,1908,2065,2045,2028,763,982,592,790,1083,789,705,905
7,10010.0,175,486,36.01,10010,New York,NY,40.739022,-73.98205,"40.739022,-73.98205",597,8710000US3610010,"ZCTA5 10010, New York",31834,14755,534,304,267,154,505,388,288,953,2301,1800,1235,1046,930,894,786,334,431,245,300,362,290,195,213,17079,507,341,240,159,750,595,447,1670,2941,1805,1205,861,742,735,765,344,553,310,406,510,374,312,507
8,10011.0,365,755,48.34,10011,New York,NY,40.741012,-74.00012,"40.741012,-74.00012",1587,8710000US3610011,"ZCTA5 10011, New York",50984,25998,919,594,455,284,477,195,168,869,2679,3190,2703,2757,2540,2152,1674,603,886,476,597,700,497,348,235,24986,885,579,423,303,818,322,269,1404,3588,3108,2111,1741,1585,1461,1466,569,890,483,653,744,578,496,510
9,10012.0,101,293,34.47,10012,New York,NY,40.72596,-73.99834,"40.72596,-73.99834",1230,8710000US3610012,"ZCTA5 10012, New York",24090,11840,420,265,238,159,119,128,120,762,2016,1562,1159,863,757,615,689,266,351,194,282,353,268,145,109,12250,391,280,221,131,155,215,232,1296,2270,1286,939,695,611,664,667,269,405,200,267,343,273,194,246
10,10013.0,166,374,44.39,10013,New York,NY,40.720665999999994,-74.00525999999999,"40.720666,-74.00526",1361,8710000US3610013,"ZCTA5 10013, New York",27700,13951,772,616,450,239,217,274,268,641,1426,1368,1315,1204,1067,939,876,387,379,216,274,373,264,228,158,13749,781,566,436,251,222,338,304,758,1424,1247,1127,997,848,838,896,395,445,194,267,369,349,360,337
11,10014.0,216,472,45.76,10014,New York,NY,40.734718,-74.00532,"40.734718,-74.00532",734,8710000US3610014,"ZCTA5 10014, New York",31959,15631,533,371,275,145,102,106,124,595,2166,2115,1640,1393,1308,1092,994,338,512,314,371,436,338,213,150,16328,514,405,244,168,157,184,177,1115,2834,2269,1443,1085,965,900,937,371,539,289,420,434,328,305,245
12,10016.0,454,1044,43.49,10016,New York,NY,40.746179999999995,-73.97759,"40.74618,-73.97759",1061,8710000US3610016,"ZCTA5 10016, New York",54183,24814,887,456,354,187,138,122,142,2566,4882,3289,2293,1675,1512,1333,1249,473,640,338,475,657,487,358,301,29369,859,484,349,198,373,494,541,3964,6046,3275,2114,1521,1344,1305,1440,615,890,456,628,840,646,491,496
13,10017.0,95,273,34.8,10017,New York,NY,40.752159000000006,-73.97231,"40.752159,-73.97231",1518,8710000US3610017,"ZCTA5 10017, New York",16575,7485,266,125,82,64,18,21,30,565,1218,1023,677,527,485,463,433,202,268,156,218,253,174,127,90,9090,240,124,118,55,33,42,58,740,1496,1064,731,588,529,576,633,236,382,209,260,359,214,205,198
14,10018.0,159,339,46.9,10018,New York,NY,40.755101,-73.99337,"40.755101,-73.99337",832,8710000US3610018,"ZCTA5 10018, New York",5229,2795,57,39,46,25,47,29,52,233,497,353,353,287,224,160,128,40,51,26,38,43,44,20,3,2434,65,58,38,28,36,72,67,264,529,290,206,157,142,108,120,26,57,38,40,48,20,10,15
15,10019.0,350,787,44.47,10019,New York,NY,40.765714,-73.9856,"40.765714,-73.9856",519,8710000US3610019,"ZCTA5 10019, New York",42870,21379,775,376,350,235,180,109,111,1296,3065,3077,2225,1836,1582,1335,1218,476,624,329,483,607,502,342,246,21491,761,383,332,218,233,164,204,1684,3466,2696,1811,1430,1209,1178,1196,498,661,449,533,784,607,480,514
16,10021.0,400,1011,39.56,10021,New York,NY,40.76842,-73.96045,"40.76842,-73.96045",344,8710000US3610021,"ZCTA5 10021, New York",43631,18894,1230,808,607,281,109,73,84,597,2040,2136,1514,1353,1101,1131,1055,453,728,407,597,843,761,558,428,24737,1088,741,575,297,153,94,115,1087,3080,2690,1892,1540,1405,1428,1474,709,1067,636,903,1147,913,760,943
17,10022.0,231,584,39.55,10022,New York,NY,40.759015000000005,-73.96732,"40.759015,-73.96732",1709,8710000US3610022,"ZCTA5 10022, New York",31924,14487,596,371,269,130,158,49,44,535,1485,1394,1169,980,954,935,1032,406,670,368,571,761,700,519,391,17437,631,394,263,149,372,107,75,801,2039,1597,1213,998,991,1050,1207,527,886,529,721,972,719,603,593
18,10023.0,368,900,40.89,10023,New York,NY,40.776099,-73.98285,"40.776099,-73.98285",809,8710000US3610023,"ZCTA5 10023, New York",60998,27578,1711,1050,815,477,477,225,193,840,2383,2888,2484,2190,1970,1891,1758,791,981,588,828,1020,834,693,491,33420,1602,959,791,503,689,331,297,1348,3492,3524,2857,2412,2042,2026,2106,897,1286,768,1162,1319,1008,911,1090
19,10024.0,400,1035,38.65,10024,New York,NY,40.786387,-73.97709,"40.786387,-73.97709",716,8710000US3610024,"ZCTA5 10024, New York",59283,27436,1827,1304,1060,617,270,128,114,735,2195,2434,2229,2330,2063,1939,2023,757,1089,666,854,980,777,578,467,31847,1678,1280,1046,592,233,172,167,1267,3134,2856,2599,2379,2175,2143,2166,925,1403,771,1007,1198,941,767,948
20,10025.0,685,1544,44.37,10025,New York,NY,40.798502,-73.96811,"40.798502,-73.96811",157,8710000US3610025,"ZCTA5 10025, New York",94600,43291,2232,1857,1710,1150,811,826,747,2314,4162,3504,3263,3040,3132,3183,3022,1094,1427,818,1126,1444,1081,735,613,51309,2226,1789,1762,1095,1000,1020,1061,3142,5147,3886,3373,3298,3214,3361,3374,1338,2003,1222,1531,1918,1557,1289,1703
21,10026.0,334,650,51.38,10026,New York,NY,40.802853000000006,-73.95470999999999,"40.802853,-73.95471",1657,8710000US3610026,"ZCTA5 10026, New York",34003,15877,962,975,993,583,440,231,234,802,1491,1397,1286,1424,1269,1180,840,289,313,185,231,326,172,166,88,18126,1050,963,930,617,440,228,246,947,1787,1576,1553,1466,1366,1232,954,338,445,250,351,482,362,264,279
22,10027.0,496,949,52.27,10027,New York,NY,40.812665,-73.95499000000001,"40.812665,-73.95499",291,8710000US3610027,"ZCTA5 10027, New York",59707,27465,1539,1447,1468,1042,1504,676,607,2021,3176,2382,1741,1885,1793,1660,1351,459,602,343,412,543,352,249,213,32242,1634,1409,1444,1020,2145,878,863,2528,3561,2607,2019,1994,1993,1732,1610,572,677,397,581,832,647,515,584
23,10028.0,330,844,39.1,10028,New York,NY,40.776777,-73.9541,"40.776777,-73.9541",1403,8710000US3610028,"ZCTA5 10028, New York",45141,19961,1092,918,802,454,154,83,72,791,2268,2025,1544,1495,1381,1307,1161,484,712,461,628,775,626,431,297,25180,1071,929,813,432,218,134,121,1423,3253,2476,1901,1703,1538,1517,1579,735,1072,625,805,976,744,556,559
24,10029.0,889,1654,53.75,10029,New York,NY,40.791585999999995,-73.94575,"40.791586,-73.94575",468,8710000US3610029,"ZCTA5 10029, New York",76003,34808,2362,2269,2438,1735,1231,653,641,2236,3496,2840,2358,2137,2252,1957,1541,616,733,425,618,818,641,459,352,41195,2145,2226,2311,1674,1333,675,658,2219,3605,3037,2622,2784,2635,2681,2255,849,1236,702,1005,1510,1151,930,952
25,10030.0,289,467,61.88,10030,New York,NY,40.818151,-73.94351,"40.818151,-73.94351",353,8710000US3610030,"ZCTA5 10030, New York",26999,12560,862,825,887,631,412,207,212,648,1113,992,831,989,926,879,681,183,272,160,213,265,186,101,85,14439,875,772,869,618,422,255,227,782,1352,1192,1009,1088,1124,988,751,261,360,172,290,375,283,182,192
26,10031.0,660,1017,64.9,10031,New York,NY,40.826201,-73.94879,"40.826201,-73.94879",626,8710000US3610031,"ZCTA5 10031, New York",56438,27491,1553,1492,1558,1187,898,508,553,1870,3070,2478,2063,2006,1875,1634,1392,493,631,349,425,613,406,228,209,28947,1500,1349,1528,1041,814,493,474,1790,2982,2267,1903,1910,1998,1894,1687,668,808,482,645,976,648,569,521
27,10032.0,775,1262,61.41,10032,New York,NY,40.840686,-73.94154,"40.840686,-73.94154",1,8710000US3610032,"ZCTA5 10032, New York",57331,27659,1581,1379,1529,1139,900,457,482,1913,3087,2334,1878,1952,1865,1709,1533,590,651,347,526,714,498,354,241,29672,1421,1361,1454,1063,755,450,474,2091,2857,2160,1836,1863,1929,1974,1865,724,886,513,756,1097,805,654,684
28,10033.0,671,1080,62.13,10033,New York,NY,40.848764,-73.93496,"40.848764,-73.93496",869,8710000US3610033,"ZCTA5 10033, New York",53926,26461,1532,1299,1410,1057,919,681,690,1860,2525,2152,1872,1891,1775,1641,1461,538,701,381,491,610,423,323,229,27465,1470,1247,1346,954,696,379,440,1638,2418,2048,1836,1812,1842,1883,1855,720,904,453,641,963,726,578,616
29,10034.0,367,646,56.81,10034,New York,NY,40.867653000000004,-73.92,"40.867653,-73.92",1304,8710000US3610034,"ZCTA5 10034, New York",38908,18260,1210,1030,1107,760,527,258,273,945,1643,1572,1447,1449,1282,1237,1130,405,457,262,318,414,258,174,102,20648,1121,1001,1088,734,507,298,277,1049,1751,1670,1522,1506,1491,1474,1427,503,628,316,462,638,453,361,371
30,10035.0,475,852,55.75,10035,New York,NY,40.802395000000004,-73.93359,"40.802395,-73.93359",1072,8710000US3610035,"ZCTA5 10035, New York",33969,17014,1063,992,1088,757,603,315,333,895,1516,1351,1248,1260,1341,1164,904,279,358,199,271,437,296,194,150,16955,1000,944,984,747,509,272,261,840,1462,1320,1214,1186,1194,1147,846,314,415,267,362,541,433,325,372
31,10036.0,241,523,46.08,10036,New York,NY,40.759510999999996,-73.99019,"40.759511,-73.99019",1529,8710000US3610036,"ZCTA5 10036, New York",24711,13786,339,232,185,133,117,103,118,933,2068,1846,1374,1215,1202,1073,874,301,423,205,237,340,220,161,87,10925,295,213,178,127,161,116,123,985,1992,1360,843,690,661,656,699,246,326,178,203,283,206,201,183
32,10037.0,246,427,57.61,10037,New York,NY,40.813385,-73.93616,"40.813385,-73.93616",1043,8710000US3610037,"ZCTA5 10037, New York",17416,7307,424,434,478,307,219,105,111,359,611,522,461,521,528,488,380,171,203,127,184,228,169,122,155,10109,461,395,420,333,226,121,121,428,814,762,657,720,708,674,660,238,342,213,334,414,342,289,437
33,10038.0,159,314,50.64,10038,New York,NY,40.709677,-74.00365,"40.709677,-74.00365",555,8710000US3610038,"ZCTA5 10038, New York",20300,9410,404,296,293,171,385,186,153,900,1483,1012,726,571,511,436,404,183,214,112,145,226,222,183,194,10890,351,271,256,193,684,257,272,1036,1618,942,641,530,489,457,562,224,309,151,199,384,325,349,390
34,10039.0,277,504,54.96,10039,New York,NY,40.826181,-73.9371,"40.826181,-73.9371",643,8710000US3610039,"ZCTA5 10039, New York",24527,10992,856,873,817,593,379,198,205,561,879,834,789,824,797,676,457,164,186,129,154,234,169,110,108,13535,799,824,838,599,371,220,190,610,1087,1110,939,986,954,871,673,263,367,225,316,418,327,256,292
35,10040.0,532,829,64.17,10040,New York,NY,40.858703999999996,-73.92853000000001,"40.858704,-73.92853",1436,8710000US3610040,"ZCTA5 10040, New York",41905,19326,1257,988,1138,796,572,333,297,1083,1735,1596,1480,1399,1385,1273,1127,381,544,252,334,500,315,280,261,22579,1212,1136,1135,817,560,305,319,1155,1911,1695,1549,1510,1433,1544,1460,534,705,366,518,775,587,568,785
36,10044.0,95,207,45.89,10044,New York,NY,40.762174,-73.94917,"40.762174,-73.94917",1792,8710000US3610044,"ZCTA5 10044, New York",11661,5710,312,195,234,166,96,59,39,229,510,550,420,415,450,388,485,174,217,111,153,183,129,116,79,5951,290,244,215,171,107,66,57,270,582,555,455,382,406,432,385,159,202,135,148,158,201,145,186
37,10069.0,37,96,38.54,10069,New York,NY,40.775477,-73.9905,"40.775477,-73.9905",782,8710000US3610069,"ZCTA5 10069, New York",5199,2451,239,126,50,33,13,7,11,65,221,347,374,221,186,121,126,41,66,37,51,51,27,23,15,2748,237,124,69,25,13,16,20,101,325,421,369,258,164,168,114,40,57,42,62,60,27,24,12
38,10128.0,424,1075,39.44,10128,New York,NY,40.781894,-73.95039,"40.781894,-73.95039",1350,8710000US3610128,"ZCTA5 10128, New York",60453,26876,1585,1244,1046,607,317,166,174,1313,3223,2872,2241,2022,1908,1656,1570,578,924,470,683,882,631,423,341,33577,1505,1186,1118,647,326,230,225,2102,4716,3487,2533,2328,2036,2022,2053,829,1279,674,928,1119,863,672,699
39,10280.0,30,87,34.48,10280,New York,NY,40.707467,-74.0178,"40.707467,-74.0178",1472,8710000US3610280,"ZCTA5 10280, New York",7853,3786,295,167,107,66,22,10,12,123,395,497,517,389,287,263,206,93,85,49,51,57,35,34,26,4067,299,173,129,78,29,11,23,170,473,566,442,377,316,289,215,97,108,46,55,67,44,34,26
40,10282.0,50,99,50.51,10282,New York,NY,40.717178999999994,-74.01433,"40.717179,-74.01433",847,8710000US3610282,"ZCTA5 10282, New York",4783,2331,348,110,61,27,11,1,7,68,229,417,379,244,134,93,62,21,28,7,10,14,9,10,41,2452,334,123,62,23,13,7,3,71,270,466,368,217,101,62,72,20,26,12,7,29,18,35,113
41,10301.0,660,1224,53.92,10301,Staten Island,NY,40.631775,-74.09432,"40.631775,-74.09432",1273,8710000US3610301,"ZCTA5 10301, New York",39706,19279,1287,1201,1203,765,679,383,365,845,1486,1321,1290,1294,1464,1428,1295,440,589,317,393,498,324,230,182,20427,1137,1246,1160,784,880,433,436,892,1366,1362,1281,1402,1471,1386,1295,482,625,370,441,592,499,428,459
42,10302.0,353,662,53.32,10302,Staten Island,NY,40.631127,-74.13715,"40.631127,-74.13715",1412,8710000US3610302,"ZCTA5 10302, New York",19088,9605,733,740,755,483,342,150,146,504,791,687,644,704,657,604,518,194,236,111,127,166,140,104,69,9483,713,699,662,450,298,133,134,406,674,658,631,724,658,589,520,220,261,128,174,256,184,148,163
43,10303.0,527,942,55.94,10303,Staten Island,NY,40.629448,-74.16239,"40.629448,-74.16239",985,8710000US3610303,"ZCTA5 10303, New York",26337,12625,1027,1017,1204,738,456,248,213,558,934,784,867,951,921,860,625,207,253,125,178,183,128,80,68,13712,993,1047,1110,700,445,236,219,583,912,987,1075,1083,1015,925,762,253,310,160,209,237,166,138,147
44,10304.0,834,1623,51.39,10304,Staten Island,NY,40.60787,-74.08991,"40.60787,-74.08991",1466,8710000US3610304,"ZCTA5 10304, New York",42193,20206,1403,1451,1543,1089,668,348,335,915,1376,1222,1227,1343,1477,1461,1237,451,581,311,371,516,372,282,227,21987,1399,1417,1486,921,560,309,269,850,1525,1394,1439,1497,1701,1625,1409,508,597,318,475,653,516,491,628
45,10305.0,746,1591,46.89,10305,Staten Island,NY,40.599021,-74.07503,"40.599021,-74.07503",1653,8710000US3610305,"ZCTA5 10305, New York",41749,20292,1244,1275,1248,811,508,311,293,812,1479,1392,1477,1509,1602,1595,1401,458,631,326,406,567,439,301,207,21457,1174,1216,1214,773,551,283,288,785,1427,1500,1402,1537,1629,1779,1442,550,719,393,504,709,607,476,499
46,10306.0,941,2098,44.85,10306,Staten Island,NY,40.569394,-74.11785,"40.569394,-74.11785",485,8710000US3610306,"ZCTA5 10306, New York",55909,26688,1545,1683,1768,1142,700,350,354,1079,1612,1529,1752,1949,2181,2150,1854,661,954,459,611,810,689,490,366,29221,1440,1517,1646,1079,655,338,344,986,1589,1698,1772,2222,2376,2433,1959,804,1045,635,746,1108,1041,843,945
47,10307.0,255,541,47.13,10307,Staten Island,NY,40.508274,-74.24387,"40.508274,-74.24387",1742,8710000US3610307,"ZCTA5 10307, New York",14096,6981,423,518,555,323,197,99,81,289,404,406,520,611,629,553,451,150,170,92,151,127,109,73,50,7115,376,532,555,351,150,84,75,249,396,403,530,656,635,550,441,164,201,123,137,147,144,124,92
48,10308.0,450,1055,42.65,10308,Staten Island,NY,40.551353000000006,-74.15098,"40.551353,-74.15098",71,8710000US3610308,"ZCTA5 10308, New York",27357,13288,765,819,920,590,374,182,165,470,799,781,880,989,1012,1068,907,363,469,216,381,429,335,223,151,14069,695,771,837,538,321,142,157,451,752,820,894,1026,1193,1180,994,422,537,350,428,539,453,304,265
49,10309.0,594,1345,44.16,10309,Staten Island,NY,40.529749,-74.21304,"40.529749,-74.21304",1128,8710000US3610309,"ZCTA5 10309, New York",32519,16352,985,1189,1077,693,393,204,218,705,1123,1113,1262,1373,1399,1321,991,357,472,241,347,369,265,155,100,16167,965,1099,1050,653,401,183,211,590,920,1035,1212,1392,1297,1273,1069,363,525,282,360,437,357,256,237
50,10310.0,413,876,47.15,10310,Staten Island,NY,40.63212,-74.11551,"40.63212,-74.11551",1787,8710000US3610310,"ZCTA5 10310, New York",24962,12058,958,1045,1002,627,384,174,189,529,781,824,757,807,873,898,709,237,331,146,183,232,150,131,91,12904,919,965,888,648,342,181,188,484,797,902,872,913,992,948,774,282,356,158,265,315,241,254,220
51,10312.0,1065,2225,47.87,10312,Staten Island,NY,40.543116999999995,-74.17628,"40.543117,-74.17628",937,8710000US3610312,"ZCTA5 10312, New York",59304,28776,1712,1861,1931,1276,775,362,380,1100,1765,1739,1984,2131,2214,2129,2025,765,1141,609,834,878,554,369,242,30528,1582,1769,1866,1201,690,356,348,1129,1735,1790,2108,2273,2376,2438,2319,914,1339,661,843,924,740,586,541
52,10314.0,1679,3460,48.53,10314,Staten Island,NY,40.606336999999996,-74.14513000000001,"40.606337,-74.14513",565,8710000US3610314,"ZCTA5 10314, New York",85510,41139,2502,2523,2688,1765,1107,517,576,1629,2700,2729,2711,2775,3003,3091,2890,1125,1564,796,1090,1229,937,606,586,44371,2362,2415,2429,1650,1003,496,472,1660,2645,2783,2885,2997,3230,3459,3366,1296,1798,971,1172,1586,1205,1171,1320
53,10451.0,855,1411,60.6,10451,Bronx,NY,40.819728999999995,-73.9223,"40.819729,-73.9223",1678,8710000US3610451,"ZCTA5 10451, New York",45713,20567,1822,1637,1651,1193,874,375,410,1045,1566,1347,1170,1348,1323,1120,956,342,470,251,394,555,340,217,161,25146,1649,1618,1658,1216,801,399,424,1115,1782,1684,1673,1614,1728,1613,1361,545,731,462,621,873,667,499,413
54,10452.0,1156,1770,65.31,10452,Bronx,NY,40.838745,-73.92234,"40.838745,-73.92234",1295,8710000US3610452,"ZCTA5 10452, New York",75371,35560,3291,3040,3043,2006,1372,660,621,1769,2665,2534,2464,2544,2450,2133,1677,576,721,374,464,566,313,164,113,39811,3218,3039,2964,1926,1336,683,630,1969,3197,3014,2729,2966,2906,2439,1921,728,903,521,667,833,598,334,290
55,10453.0,1234,1972,62.58,10453,Bronx,NY,40.853017,-73.91214000000001,"40.853017,-73.91214",1335,8710000US3610453,"ZCTA5 10453, New York",78309,36524,3379,3166,3191,2162,1544,771,670,1946,2749,2418,2279,2474,2562,2253,1773,609,700,381,441,510,276,177,93,41785,3234,3124,3080,2128,1534,777,706,2035,3274,3040,2786,3004,3144,2851,2216,760,914,496,639,847,553,355,288
56,10454.0,583,925,63.03,10454,Bronx,NY,40.805968,-73.91628,"40.805968,-73.91628",918,8710000US3610454,"ZCTA5 10454, New York",37337,17724,1578,1584,1562,1108,785,408,376,993,1398,1271,1027,1073,1038,935,688,239,354,215,253,360,231,145,103,19613,1548,1484,1524,1009,704,336,333,1015,1482,1438,1267,1274,1366,1090,884,316,472,309,384,550,389,231,208
57,10455.0,626,998,62.73,10455,Bronx,NY,40.815559,-73.90771,"40.815559,-73.90771",1133,8710000US3610455,"ZCTA5 10455, New York",39665,18779,1700,1676,1599,1092,787,390,349,983,1476,1350,1213,1240,1154,1003,777,251,388,207,287,373,258,140,86,20886,1624,1590,1535,1064,680,328,371,999,1787,1543,1404,1414,1375,1275,919,338,513,322,357,554,438,251,205
58,10456.0,1250,2024,61.76,10456,Bronx,NY,40.829676,-73.90856,"40.829676,-73.90856",212,8710000US3610456,"ZCTA5 10456, New York",86547,40285,3789,3674,3718,2490,1621,807,737,1892,2766,2507,2495,2704,2793,2466,1873,639,781,450,525,718,440,209,191,46262,3643,3545,3629,2442,1596,789,734,2187,3493,3280,3182,3265,3356,2834,2290,756,1061,542,781,1080,781,501,495
59,10457.0,1069,1704,62.73,10457,Bronx,NY,40.846745,-73.89860999999999,"40.846745,-73.89861",264,8710000US3610457,"ZCTA5 10457, New York",70496,32837,3292,2996,2942,1956,1250,591,571,1595,2427,2165,2011,2215,2218,1994,1512,490,561,326,424,592,365,208,136,37659,3063,2927,2799,1968,1323,672,616,1871,3174,2703,2522,2603,2581,2384,1765,554,881,452,601,766,603,412,419
60,10458.0,1060,1813,58.47,10458,Bronx,NY,40.864166,-73.88880999999999,"40.864166,-73.88881",658,8710000US3610458,"ZCTA5 10458, New York",79492,38432,3255,3162,3146,1949,2076,1068,1066,2204,3198,2726,2535,2457,2410,2193,1693,574,642,369,423,543,365,225,153,41060,3268,3013,2806,1951,1981,1065,958,2208,3458,3182,2791,2752,2781,2405,1875,598,833,432,601,747,575,399,381
61,10459.0,808,1296,62.35,10459,Bronx,NY,40.825432,-73.89327,"40.825432,-73.89327",698,8710000US3610459,"ZCTA5 10459, New York",47308,22233,2120,2026,2015,1307,878,443,419,1166,1724,1443,1279,1458,1383,1267,1014,329,430,242,340,422,247,169,112,25075,1996,1924,1981,1247,811,476,388,1238,2055,1854,1625,1731,1757,1453,1191,414,509,311,448,629,449,320,268
62,10460.0,847,1427,59.36,10460,Bronx,NY,40.84095,-73.88036,"40.84095,-73.88036",359,8710000US3610460,"ZCTA5 10460, New York",57311,26496,2471,2428,2411,1636,1114,512,502,1326,1879,1708,1672,1750,1754,1493,1151,381,519,296,405,492,293,186,117,30815,2425,2270,2345,1559,1101,490,486,1397,2386,2212,2196,2207,2173,1850,1408,498,704,443,581,829,581,393,281
63,10461.0,1083,2014,53.77,10461,Bronx,NY,40.842917,-73.83819,"40.842917,-73.83819",1329,8710000US3610461,"ZCTA5 10461, New York",50502,24060,1491,1435,1439,893,569,287,326,1160,2025,1978,1729,1739,1818,1622,1390,563,602,379,542,667,573,444,389,26442,1481,1352,1333,874,546,282,256,1157,2280,2186,1761,1748,1824,1832,1551,569,823,470,620,931,834,850,882
64,10462.0,1284,2306,55.68,10462,Bronx,NY,40.842172999999995,-73.85862,"40.842173,-73.85862",625,8710000US3610462,"ZCTA5 10462, New York",75784,35475,2673,2561,2386,1595,1015,522,494,1509,2906,2863,2683,2680,2575,2395,1988,690,845,510,580,757,558,368,322,40309,2598,2459,2339,1489,1009,487,510,1724,3530,3378,2964,2897,3000,2794,2374,891,1166,593,809,1052,914,623,709
65,10463.0,964,1965,49.06,10463,Bronx,NY,40.881085999999996,-73.90749,"40.881086,-73.90749",56,8710000US3610463,"ZCTA5 10463, New York",67970,30647,2216,1800,1822,1197,757,504,489,1316,2241,2288,2078,2064,2016,1917,1850,741,1012,529,670,999,740,647,754,37323,2070,1768,1705,1201,723,532,569,1407,2635,2672,2404,2456,2497,2465,2434,928,1385,736,1041,1477,1188,1228,1802
66,10464.0,79,203,38.92,10464,Bronx,NY,40.857017,-73.78903000000001,"40.857017,-73.78903",1519,8710000US3610464,"ZCTA5 10464, New York",4534,2208,103,122,140,61,46,17,15,61,93,110,139,170,214,190,171,65,112,55,67,96,70,45,46,2326,75,82,129,75,38,22,14,56,81,119,147,164,197,184,192,88,125,54,102,113,85,92,92
67,10465.0,927,1906,48.64,10465,Bronx,NY,40.825727,-73.81752,"40.825727,-73.81752",1589,8710000US3610465,"ZCTA5 10465, New York",42230,20186,1205,1211,1326,841,999,577,397,840,1183,1213,1268,1478,1424,1430,1156,432,626,340,466,597,503,388,286,22044,1091,1214,1218,802,516,297,239,766,1270,1501,1473,1637,1699,1510,1448,571,729,407,570,880,760,633,813
68,10466.0,1361,2284,59.59,10466,Bronx,NY,40.89095,-73.84702,"40.89095,-73.84702",117,8710000US3610466,"ZCTA5 10466, New York",67813,30460,2331,2413,2615,1765,1139,547,467,1431,2066,1761,1711,1991,2118,2054,1694,683,838,466,618,680,535,304,233,37353,2200,2282,2462,1740,1068,538,566,1620,2593,2473,2450,2831,2924,2837,2319,811,1123,652,796,1067,795,590,616
69,10467.0,1918,3135,61.18,10467,Bronx,NY,40.872265000000006,-73.86936999999999,"40.872265,-73.86937",709,8710000US3610467,"ZCTA5 10467, New York",97060,45318,3663,3603,3371,2234,1497,794,737,2082,3819,3447,3047,3161,3169,2858,2267,833,1068,552,701,952,659,395,409,51742,3759,3400,3319,2166,1482,779,745,2369,4388,4064,3588,3661,3707,3386,2740,967,1239,775,967,1357,1091,865,928
70,10468.0,1343,2033,66.06,10468,Bronx,NY,40.867107,-73.89916,"40.867107,-73.89916",1036,8710000US3610468,"ZCTA5 10468, New York",76103,35897,3175,2806,2786,1845,1440,662,677,1900,3139,2595,2390,2403,2426,2203,1710,616,722,364,439,620,418,269,292,40206,2971,2657,2619,1889,1305,700,693,1934,3312,3006,2659,2917,2842,2629,2270,759,955,476,683,923,641,569,797
71,10469.0,1670,2688,62.13,10469,Bronx,NY,40.868643,-73.84735,"40.868643,-73.84735",341,8710000US3610469,"ZCTA5 10469, New York",66631,30422,2123,2195,2262,1611,1024,442,443,1333,2069,1789,1646,2058,2323,2030,1774,633,868,548,693,900,658,553,447,36209,2023,2114,2131,1601,995,538,513,1466,2326,2336,2298,2595,2845,2542,2195,824,1130,610,826,1160,1109,904,1128
72,10470.0,279,510,54.71,10470,Bronx,NY,40.900628999999995,-73.86072,"40.900629,-73.86072",201,8710000US3610470,"ZCTA5 10470, New York",15293,7136,461,442,438,290,190,90,94,306,667,573,520,486,577,478,382,149,167,101,130,213,177,112,93,8157,467,417,450,274,181,91,106,333,791,624,584,609,560,502,450,131,217,141,211,310,269,206,233
73,10471.0,319,716,44.55,10471,Bronx,NY,40.900819,-73.90347,"40.900819,-73.90347",1636,8710000US3610471,"ZCTA5 10471, New York",22922,10272,588,518,478,288,534,214,149,318,559,618,638,659,685,705,712,287,385,228,269,365,348,324,403,12650,578,473,459,318,617,255,211,337,651,710,742,714,695,832,867,312,440,247,380,520,531,605,1156
74,10472.0,1014,1568,64.67,10472,Bronx,NY,40.830409,-73.86845,"40.830409,-73.86845",903,8710000US3610472,"ZCTA5 10472, New York",66358,31908,2681,2515,2553,1697,1260,549,626,1693,2672,2263,2099,2140,2039,1903,1507,544,678,404,510,657,456,268,194,34450,2554,2519,2477,1613,1097,586,567,1665,2699,2514,2346,2298,2337,2105,1747,724,835,499,667,925,681,499,496
75,10473.0,1143,1940,58.92,10473,Bronx,NY,40.818514,-73.85893,"40.818514,-73.85893",1628,8710000US3610473,"ZCTA5 10473, New York",58519,26158,1907,2081,2426,1641,1107,553,471,1272,1691,1481,1554,1703,1667,1518,1331,498,737,406,513,672,456,266,207,32361,1886,1982,2217,1660,1094,526,421,1261,1999,1998,2095,2372,2432,2191,1893,808,1077,654,868,1079,795,579,474
76,10474.0,182,283,64.31,10474,Bronx,NY,40.81321,-73.88755,"40.81321,-73.88755",285,8710000US3610474,"ZCTA5 10474, New York",12281,6300,508,520,501,342,270,152,146,439,563,493,461,430,413,359,237,76,100,40,54,83,59,33,21,5981,546,480,480,307,216,109,113,306,515,456,427,418,407,297,246,76,122,74,83,115,82,58,48
77,10475.0,1021,1825,55.95,10475,Bronx,NY,40.878522,-73.82540999999999,"40.878522,-73.82541",1208,8710000US3610475,"ZCTA5 10475, New York",40931,17258,934,923,1155,790,497,218,243,613,915,945,976,1179,1375,1266,1153,463,647,335,514,783,557,427,350,23673,947,928,1106,730,469,238,224,704,1083,1193,1327,1587,1939,1877,1798,703,1026,633,938,1239,1057,920,1007
78,11004.0,348,547,63.62,11004,Glen Oaks,NY,40.742944,-73.70956,"40.742944,-73.70956",1783,8710000US3611004,"ZCTA5 11004, New York",14016,6537,303,265,308,241,144,82,82,256,441,445,381,379,483,542,559,209,261,133,182,233,193,176,239,7479,270,261,310,230,160,75,74,226,513,512,413,443,548,533,579,197,296,142,238,309,281,341,528
79,11101.0,364,707,51.49,11101,Long Island City,NY,40.745340999999996,-73.93907,"40.745341,-73.93907",1394,8710000US3611101,"ZCTA5 11101, New York",25484,12742,712,663,633,421,358,190,168,622,1457,1510,1229,1038,921,803,601,209,288,145,177,236,153,122,86,12742,728,591,626,453,286,149,158,654,1479,1371,1030,954,826,773,691,257,326,203,253,348,231,198,157
80,11102.0,326,579,56.3,11102,Astoria,NY,40.771285999999996,-73.92461999999999,"40.771286,-73.92462",1215,8710000US3611102,"ZCTA5 11102, New York",34133,17040,855,778,815,526,424,216,207,991,2434,2073,1621,1380,1093,967,745,251,330,168,225,348,237,193,163,17093,837,797,762,534,304,196,194,1053,2444,1829,1377,1140,976,914,822,302,428,240,314,470,409,347,404
81,11103.0,313,563,55.6,11103,Astoria,NY,40.762968,-73.91091,"40.762968,-73.91091",101,8710000US3611103,"ZCTA5 11103, New York",38780,19375,872,749,743,503,369,200,221,1132,2861,2458,1945,1547,1334,1136,944,331,403,210,293,445,329,214,136,19405,838,713,727,474,294,168,237,1412,3154,2230,1639,1300,1106,1059,916,383,448,254,352,566,436,364,335
82,11104.0,279,465,60.0,11104,Sunnyside,NY,40.743796,-73.91949,"40.743796,-73.91949",161,8710000US3611104,"ZCTA5 11104, New York",27232,13245,704,588,530,354,278,128,133,544,1407,1562,1329,1207,1021,878,771,261,339,195,227,332,205,149,103,13987,759,555,544,287,212,136,157,653,1558,1512,1287,1024,824,887,881,316,452,248,290,458,327,289,331
83,11105.0,300,596,50.34,11105,Astoria,NY,40.774685999999996,-73.90816,"40.774686,-73.90816",1410,8710000US3611105,"ZCTA5 11105, New York",36688,17881,854,665,683,444,298,164,174,964,2477,2101,1635,1337,1199,1133,901,334,452,250,349,507,404,321,235,18807,786,690,680,390,285,170,173,1170,2745,2109,1426,1253,1066,1088,988,346,511,288,371,697,569,506,500
84,11106.0,360,674,53.41,11106,Astoria,NY,40.762012,-73.93146999999999,"40.762012,-73.93147",7,8710000US3611106,"ZCTA5 11106, New York",38875,18904,960,810,796,540,398,207,229,1052,2658,2235,1657,1456,1267,1125,953,349,399,219,335,468,320,249,222,19971,903,791,783,495,329,189,204,1201,2760,2124,1549,1293,1205,1171,1036,428,573,307,457,616,536,510,511
85,11109.0,38,106,35.85,11109,Long Island City,NY,40.651378,-73.870779,"40.651378,-73.870779",380,8710000US3611109,"ZCTA5 11109, New York",3523,1939,103,26,10,11,3,4,9,101,502,424,264,176,80,66,45,18,21,12,31,12,10,9,2,1584,70,21,8,8,2,10,10,121,472,343,177,87,68,43,50,20,23,9,17,10,6,5,4
86,11201.0,387,932,41.52,11201,Brooklyn,NY,40.695285999999996,-73.98907,"40.695286,-73.98907",1495,8710000US3611201,"ZCTA5 11201, New York",51128,24484,1611,933,722,444,611,370,294,1067,2708,3166,2674,2101,1626,1296,1266,471,644,347,456,586,447,333,311,26644,1510,840,779,468,868,367,298,1130,3078,3476,2625,2103,1585,1463,1362,546,804,432,543,683,555,532,597
87,11203.0,1085,1657,65.48,11203,Brooklyn,NY,40.649059,-73.93304,"40.649059,-73.93304",1260,8710000US3611203,"ZCTA5 11203, New York",76174,33843,2161,2199,2310,1588,1048,516,540,1575,2544,2185,2044,2153,2366,2362,2088,740,1152,678,857,1171,814,490,262,42331,2109,2106,2365,1540,1017,598,559,1762,2898,2811,2748,2747,3096,3408,3025,1028,1517,982,1273,1788,1236,896,822
88,11204.0,1163,1880,61.86,11204,Brooklyn,NY,40.618944,-73.98473,"40.618944,-73.98473",1274,8710000US3611204,"ZCTA5 11204, New York",78134,38514,3232,3031,2949,1801,1219,587,568,1802,2940,2698,2482,2161,2423,2430,2202,860,1042,441,604,1014,816,655,557,39620,3068,2851,2678,1623,1060,520,544,1715,2867,2631,2377,2295,2544,2581,2339,917,1155,537,811,1235,1076,1061,1135
89,11205.0,416,766,54.31,11205,Brooklyn,NY,40.694214,-73.96529,"40.694214,-73.96529",1010,8710000US3611205,"ZCTA5 11205, New York",40366,18829,1955,1534,1238,691,713,439,393,1106,2064,2028,1633,1129,896,778,602,238,313,167,234,296,184,117,81,21537,1921,1421,1204,638,1020,525,483,1313,2446,2246,1639,1248,1054,911,838,372,447,263,349,435,298,235,231
90,11206.0,808,1391,58.09,11206,Brooklyn,NY,40.702348,-73.94288,"40.702348,-73.94288",585,8710000US3611206,"ZCTA5 11206, New York",81677,38855,3545,3252,3254,1944,1395,746,761,2628,4588,3470,2438,2058,1955,1744,1400,526,641,363,486,714,493,252,202,42822,3236,3225,3043,1868,1313,709,740,2698,4463,3358,2604,2490,2520,2235,1882,770,1059,615,866,1164,867,599,498
91,11207.0,1004,1626,61.75,11207,Brooklyn,NY,40.670874,-73.89424,"40.670874,-73.89424",836,8710000US3611207,"ZCTA5 11207, New York",93386,42314,3581,3559,3874,2522,1749,841,767,2263,3084,2597,2463,2656,2774,2596,2006,755,915,547,686,944,589,333,213,51072,3563,3414,3546,2519,1654,872,893,2557,4045,3585,3336,3714,3800,3396,2583,1000,1289,780,974,1309,980,681,582
92,11208.0,1129,1723,65.53,11208,Brooklyn,NY,40.672666,-73.87248000000001,"40.672666,-73.87248",1506,8710000US3611208,"ZCTA5 11208, New York",94469,44378,3673,3723,3876,2664,1764,902,864,2260,3263,2930,2784,2899,3124,2854,2143,735,1025,530,687,730,460,282,206,50091,3529,3704,3828,2574,1702,841,822,2379,3857,3417,3433,3724,3761,3186,2733,930,1184,693,883,1118,812,530,451
93,11209.0,648,1262,51.35,11209,Brooklyn,NY,40.62327,-74.0295,"40.62327,-74.0295",1672,8710000US3611209,"ZCTA5 11209, New York",68853,33179,2063,1792,1636,996,682,328,329,1371,3087,2968,2748,2563,2538,2308,2083,761,977,503,706,933,782,582,443,35674,1952,1640,1564,937,582,278,338,1343,3333,3032,2782,2443,2363,2520,2369,896,1176,657,854,1321,1129,1090,1075
94,11210.0,960,1516,63.32,11210,Brooklyn,NY,40.627946,-73.94552,"40.627946,-73.94552",425,8710000US3611210,"ZCTA5 11210, New York",62008,28616,2324,2256,2344,1533,981,522,472,1288,2021,1799,1778,1724,1840,1820,1760,685,843,412,522,685,438,350,219,33392,2164,2203,2398,1490,986,442,473,1390,2344,2236,2303,2170,2255,2371,2197,852,1029,573,731,956,687,565,577
95,11211.0,1248,1975,63.19,11211,Brooklyn,NY,40.71209,-73.95427,"40.71209,-73.95427",662,8710000US3611211,"ZCTA5 11211, New York",90117,44522,4191,3164,2793,1735,1180,667,727,2765,6314,5184,3619,2417,1979,1819,1755,698,761,299,463,671,514,433,374,45595,4244,2990,2635,1747,1175,660,703,3326,6465,4672,2916,2177,1936,1886,2015,722,913,404,652,1011,774,808,764
96,11212.0,915,1410,64.89,11212,Brooklyn,NY,40.662191,-73.91328,"40.662191,-73.91328",938,8710000US3611212,"ZCTA5 11212, New York",84500,36528,3202,3283,3455,2328,1544,737,705,1689,2499,2196,1961,2116,2300,2298,1671,703,806,514,635,870,495,327,194,47972,3139,3061,3330,2371,1505,771,734,2216,3434,3328,3312,3396,3565,3486,2675,975,1335,798,989,1354,956,673,569
97,11213.0,840,1373,61.18,11213,Brooklyn,NY,40.670937,-73.93459,"40.670937,-73.93459",9,8710000US3611213,"ZCTA5 11213, New York",63767,28822,2460,2196,2312,1481,1064,605,553,1655,2439,1961,1652,1687,1816,1782,1454,515,663,446,494,628,437,295,227,34945,2337,2140,2333,1513,1005,533,560,1820,2739,2424,2264,2415,2473,2415,1965,768,998,543,712,969,791,598,630
98,11214.0,829,1437,57.69,11214,Brooklyn,NY,40.598994,-73.99611,"40.598994,-73.99611",949,8710000US3611214,"ZCTA5 11214, New York",88630,43258,2703,2520,2436,1539,1111,577,590,2083,3445,3360,3120,2920,3079,3041,2693,1045,1359,705,828,1370,1089,906,739,45372,2480,2367,2303,1466,941,518,593,1847,3276,3243,3059,2961,3147,3132,3100,1232,1540,743,1048,1756,1538,1415,1667
99,11215.0,373,845,44.14,11215,Brooklyn,NY,40.667508000000005,-73.9856,"40.667508,-73.9856",926,8710000US3611215,"ZCTA5 11215, New York",63488,30083,2220,1523,1192,711,359,184,200,1152,3519,3992,3393,2606,2046,1777,1620,542,703,382,483,561,435,261,222,33405,2131,1527,1207,730,335,164,218,1439,4561,4418,3465,2577,2102,1924,1845,658,890,431,529,682,541,452,579
100,11216.0,408,760,53.68,11216,Brooklyn,NY,40.680398,-73.94824,"40.680398,-73.94824",961,8710000US3611216,"ZCTA5 11216, New York",54316,25117,1567,1350,1476,937,701,388,396,1454,2770,2382,2004,1873,1732,1677,1305,452,556,354,384,575,356,227,201,29199,1506,1359,1421,988,728,431,396,1855,3273,2704,2160,2116,2029,2046,1596,554,750,440,539,797,582,437,492
101,11217.0,344,640,53.75,11217,Brooklyn,NY,40.68209,-73.97783000000001,"40.68209,-73.97783",40,8710000US3611217,"ZCTA5 11217, New York",35881,16688,1067,743,685,453,266,107,140,630,2022,2340,1955,1362,1145,940,771,307,435,209,262,339,240,144,126,19193,1108,675,630,417,213,131,133,896,2589,2852,1985,1408,1209,1018,971,403,531,301,400,472,292,247,312
102,11218.0,1015,1672,60.71,11218,Brooklyn,NY,40.644552000000004,-73.97595,"40.644552,-73.97595",191,8710000US3611218,"ZCTA5 11218, New York",75220,37470,3151,2894,2687,1673,1056,525,534,1741,3268,3032,2899,2545,2394,2440,2053,719,930,420,509,728,525,428,319,37750,2972,2736,2451,1484,919,424,473,1698,3249,3093,2990,2384,2271,2351,2082,808,1016,525,650,961,750,668,795
103,11219.0,1725,2561,67.36,11219,Brooklyn,NY,40.632449,-73.99629,"40.632449,-73.99629",1395,8710000US3611219,"ZCTA5 11219, New York",92221,46092,5942,4765,3833,2207,1405,788,780,2460,3614,3277,2683,2201,2184,2259,2127,914,1021,351,466,763,642,654,756,46129,5543,4413,3725,2017,1315,714,666,2242,3660,3110,2601,2056,2174,2270,2252,955,957,380,608,982,876,1152,1461
104,11220.0,844,1328,63.55,11220,Brooklyn,NY,40.641436,-74.01574000000001,"40.641436,-74.01574",160,8710000US3611220,"ZCTA5 11220, New York",99598,50308,3952,3423,3119,1975,1540,852,899,2827,5112,4574,4013,3530,3352,2987,2409,920,1080,563,733,955,728,440,325,49290,3603,3215,2818,1832,1314,735,711,2579,4818,4190,3666,3426,3365,3042,2628,964,1196,629,855,1225,1010,727,742
105,11221.0,683,1139,59.96,11221,Brooklyn,NY,40.691234,-73.92636999999999,"40.691234,-73.92637",807,8710000US3611221,"ZCTA5 11221, New York",78895,37205,2724,2665,2830,1854,1273,655,632,2072,3556,3020,2548,2637,2557,2298,1788,663,809,439,575,712,443,267,188,41690,2740,2591,2769,1941,1259,654,653,2228,3788,3369,2909,2864,3002,2644,2192,755,1029,597,755,1110,771,583,487
106,11222.0,271,544,49.82,11222,Brooklyn,NY,40.726302000000004,-73.94559,"40.726302,-73.94559",1278,8710000US3611222,"ZCTA5 11222, New York",36934,18415,698,488,526,377,294,166,207,1048,3129,2910,1787,1223,1104,1201,1043,365,459,230,254,343,221,200,142,18519,591,533,522,344,238,156,196,1241,3339,2550,1505,1125,913,1115,1034,410,473,271,328,525,379,345,386
107,11223.0,960,1692,56.74,11223,Brooklyn,NY,40.598141999999996,-73.97229,"40.598142,-73.97229",969,8710000US3611223,"ZCTA5 11223, New York",78731,38184,2765,2511,2475,1583,1115,554,551,1873,2990,2667,2522,2382,2430,2497,2299,916,1195,527,741,1266,954,762,609,40547,2582,2368,2372,1466,1015,505,544,1851,3015,2518,2592,2380,2821,2742,2644,1066,1364,617,931,1570,1282,1148,1154
108,11224.0,528,881,59.93,11224,Brooklyn,NY,40.576589,-73.99172,"40.576589,-73.99172",1126,8710000US3611224,"ZCTA5 11224, New York",47621,21120,1160,1157,1354,959,667,347,357,911,1249,1062,1008,1090,1230,1401,1432,580,983,377,585,1128,770,669,644,26501,1156,1230,1324,1021,653,324,290,932,1310,1269,1367,1409,1697,1845,1933,905,1277,495,827,1681,1155,1103,1298
109,11225.0,686,1080,63.52,11225,Brooklyn,NY,40.662892,-73.95509,"40.662892,-73.95509",249,8710000US3611225,"ZCTA5 11225, New York",56829,25416,1837,1651,1669,1101,707,328,387,1339,2416,2100,1808,1695,1679,1668,1464,525,645,405,477,620,431,269,195,31413,1766,1594,1670,1055,734,405,404,1582,2882,2504,2202,2090,2138,2348,2103,770,1031,602,753,989,742,574,475
110,11226.0,1089,1669,65.25,11226,Brooklyn,NY,40.645255999999996,-73.95553000000001,"40.645256,-73.95553",1777,8710000US3611226,"ZCTA5 11226, New York",101572,45453,3443,3222,3235,2162,1518,777,725,2304,3866,3495,3074,3034,3062,3038,2709,988,1133,716,769,947,613,354,269,56119,3483,3202,3236,2137,1469,792,803,2627,4719,4285,4034,3830,4136,4301,3769,1311,1811,954,1102,1557,1071,761,729
111,11228.0,378,664,56.93,11228,Brooklyn,NY,40.617563,-74.01168,"40.617563,-74.01168",1646,8710000US3611228,"ZCTA5 11228, New York",41788,20213,1154,1211,1240,798,492,245,290,828,1410,1345,1462,1497,1557,1477,1283,524,640,359,449,607,551,438,356,21575,1077,1081,1207,700,424,238,240,748,1420,1490,1491,1576,1648,1504,1475,613,700,396,555,738,747,682,825
112,11229.0,860,1514,56.8,11229,Brooklyn,NY,40.599256,-73.94118,"40.599256,-73.94118",1113,8710000US3611229,"ZCTA5 11229, New York",80018,37973,2331,2364,2347,1573,1051,556,562,1675,2542,2394,2349,2325,2678,2776,2742,1105,1406,636,795,1337,1013,756,660,42045,2339,2178,2267,1475,1005,503,536,1609,2712,2542,2562,2598,2929,3158,3022,1298,1628,723,1028,1762,1278,1375,1518
113,11230.0,1367,2198,62.19,11230,Brooklyn,NY,40.622994,-73.96427,"40.622994,-73.96427",1125,8710000US3611230,"ZCTA5 11230, New York",86408,41937,3631,3070,3011,1915,1273,682,631,2001,3351,2775,2456,2435,2393,2580,2475,982,1273,617,731,1238,845,831,741,44471,3460,2952,2942,1880,1199,645,678,2102,3292,2808,2492,2397,2490,2732,2718,1035,1469,657,900,1548,1284,1319,1472
114,11231.0,254,524,48.47,11231,Brooklyn,NY,40.6788,-74.00254,"40.6788,-74.00254",492,8710000US3611231,"ZCTA5 11231, New York",33336,15584,1246,849,750,483,285,127,141,521,1418,2034,1821,1456,1058,800,707,264,338,208,265,322,218,168,105,17752,1165,905,729,425,270,127,163,617,1991,2264,1824,1484,1224,1015,878,300,439,237,313,429,367,275,311
115,11232.0,299,434,68.89,11232,Brooklyn,NY,40.655481,-74.00424,"40.655481,-74.00424",725,8710000US3611232,"ZCTA5 11232, New York",28265,15438,1048,923,738,513,400,223,286,1063,1997,1767,1513,1225,1037,836,651,212,236,128,141,226,137,85,53,12827,1001,818,706,516,317,195,178,811,1548,1298,935,898,800,712,602,222,246,124,162,268,183,168,119
116,11233.0,648,1056,61.36,11233,Brooklyn,NY,40.676938,-73.91858,"40.676938,-73.91858",1715,8710000US3611233,"ZCTA5 11233, New York",67053,29784,2600,2548,2520,1648,1129,555,504,1436,2194,1957,1843,2061,2156,1856,1426,500,617,353,466,598,404,237,176,37269,2541,2350,2531,1697,1151,529,557,1739,3122,2869,2719,2736,2805,2449,1962,676,945,487,761,961,717,500,465
117,11234.0,1260,2061,61.14,11234,Brooklyn,NY,40.618561,-73.9216,"40.618561,-73.9216",325,8710000US3611234,"ZCTA5 11234, New York",87757,40229,2653,2758,2837,1801,1126,634,560,1765,2603,2440,2584,2568,2801,3006,2773,981,1500,752,874,1150,839,620,604,47528,2625,2773,2844,1830,1224,582,582,1824,2882,2866,3091,3236,3598,3881,3452,1417,1685,912,1108,1564,1292,1118,1142
118,11235.0,992,1746,56.82,11235,Brooklyn,NY,40.583803,-73.95019,"40.583803,-73.95019",883,8710000US3611235,"ZCTA5 11235, New York",79132,37466,2076,1805,1721,1157,828,431,478,1636,2643,2483,2383,2368,2656,2763,2652,1161,1738,623,901,1659,1167,1086,1051,41666,1913,1699,1617,1087,734,387,455,1586,2746,2484,2440,2372,2675,3120,3219,1379,1940,625,1176,2263,1657,1830,2262
119,11236.0,1439,2176,66.13,11236,Brooklyn,NY,40.640527,-73.90361999999999,"40.640527,-73.90362",689,8710000US3611236,"ZCTA5 11236, New York",93877,41239,2777,2917,3229,2306,1463,791,723,1976,2879,2635,2465,2541,2930,3121,2599,977,1173,631,783,928,625,411,359,52638,2766,2996,3245,2264,1482,751,727,2165,3605,3533,3517,3862,4253,4308,3813,1299,1611,977,1171,1515,1088,894,796
120,11237.0,481,715,67.27,11237,Brooklyn,NY,40.703355,-73.91993000000001,"40.703355,-73.91993",641,8710000US3611237,"ZCTA5 11237, New York",49896,25949,1940,1738,1634,1039,799,495,538,2015,3337,2711,2171,1840,1511,1248,959,308,412,243,235,337,221,145,73,23947,1797,1647,1489,989,749,411,405,1680,2852,2225,1842,1552,1438,1225,1035,371,472,261,346,411,329,227,194
121,11238.0,466,810,57.53,11238,Brooklyn,NY,40.680145,-73.96257,"40.680145,-73.96257",877,8710000US3611238,"ZCTA5 11238, New York",49262,22667,1414,1000,892,593,382,227,269,1161,2847,2958,2436,1826,1475,1286,1117,399,539,280,351,465,338,234,178,26595,1349,912,841,555,320,206,276,1468,3755,3523,2595,1989,1618,1433,1310,502,717,410,508,782,566,466,494
122,11239.0,275,440,62.5,11239,Brooklyn,NY,40.645848,-73.87919000000001,"40.645848,-73.87919",1718,8710000US3611239,"ZCTA5 11239, New York",13393,5206,318,339,405,276,166,91,82,223,326,262,245,243,269,277,262,121,122,92,143,335,263,202,144,8187,317,319,390,262,207,114,105,233,415,481,448,502,525,556,498,239,325,187,308,619,437,380,320
123,11354.0,503,821,61.27,11354,Flushing,NY,40.767969,-73.82496,"40.767969,-73.82496",454,8710000US3611354,"ZCTA5 11354, New York",54878,25655,1278,1083,1048,808,573,304,307,1149,1901,1918,1895,1820,2141,2125,1808,702,869,467,694,948,734,498,585,29223,1165,1102,1008,788,536,296,341,1054,2095,2050,2015,2066,2297,2464,2094,810,1089,573,841,1182,1012,943,1402
124,11355.0,639,1006,63.52,11355,Flushing,NY,40.749463,-73.81940999999999,"40.749463,-73.81941",1772,8710000US3611355,"ZCTA5 11355, New York",85871,41433,2145,2113,1919,1325,1016,653,653,1919,3208,3014,3140,3393,3679,3510,2819,973,1143,639,879,1148,892,657,596,44438,2029,1941,1800,1299,885,604,566,1891,3460,3203,3343,3517,3884,3638,3132,1166,1321,749,1059,1593,1202,1073,1083
125,11356.0,313,538,58.18,11356,College Point,NY,40.785462,-73.84366,"40.785462,-73.84366",1037,8710000US3611356,"ZCTA5 11356, New York",23438,11424,809,699,739,443,306,158,144,516,857,944,882,881,901,774,716,262,302,157,201,287,196,148,102,12014,768,676,705,444,283,183,162,508,867,991,922,883,871,912,772,275,359,138,248,352,271,210,214
126,11357.0,477,836,57.06,11357,Whitestone,NY,40.784453000000006,-73.80922,"40.784453,-73.80922",967,8710000US3611357,"ZCTA5 11357, New York",39150,18574,1027,978,1007,642,364,191,183,601,1032,1174,1204,1296,1450,1414,1241,494,688,412,581,852,700,542,501,20576,935,955,1023,614,355,189,182,604,1111,1260,1280,1450,1455,1505,1523,628,808,469,701,1003,776,827,923
127,11358.0,319,604,52.81,11358,Flushing,NY,40.760521999999995,-73.79612,"40.760522,-73.79612",275,8710000US3611358,"ZCTA5 11358, New York",37546,18220,987,972,1009,618,438,219,251,709,1326,1332,1334,1302,1384,1471,1299,484,653,338,476,584,435,341,258,19326,888,860,899,638,399,224,219,700,1366,1439,1369,1391,1540,1635,1479,507,659,366,522,665,571,483,507
128,11360.0,184,381,48.29,11360,Bayside,NY,40.780386,-73.78005,"40.780386,-73.78005",930,8710000US3611360,"ZCTA5 11360, New York",18884,8581,437,390,383,271,124,68,77,224,398,503,525,559,603,667,648,269,396,210,295,417,363,399,355,10303,396,354,343,260,152,71,73,209,430,606,575,640,701,808,829,348,551,251,390,588,595,568,565
129,11361.0,265,489,54.19,11361,Bayside,NY,40.763177,-73.77391999999999,"40.763177,-73.77392",1258,8710000US3611361,"ZCTA5 11361, New York",28606,13687,733,702,818,577,350,157,155,513,989,1055,1023,959,1096,1092,961,362,426,230,293,422,322,257,195,14919,694,647,636,518,291,152,152,508,1104,1092,1061,1089,1261,1208,1048,381,452,278,344,522,479,420,582
130,11362.0,183,371,49.33,11362,Little Neck,NY,40.759686,-73.73321999999999,"40.759686,-73.73322",791,8710000US3611362,"ZCTA5 11362, New York",17823,8450,407,442,528,319,158,85,79,255,461,522,553,559,627,675,614,245,384,189,238,343,260,275,232,9373,381,457,450,279,149,82,78,274,456,497,655,622,726,722,787,331,375,224,276,423,348,366,415
131,11363.0,69,144,47.92,11363,Little Neck,NY,40.772636,-73.74644,"40.772636,-73.74644",898,8710000US3611363,"ZCTA5 11363, New York",6988,3322,152,202,215,119,63,29,39,110,161,164,181,249,286,295,250,107,141,73,95,158,93,79,61,3666,146,202,230,136,65,19,41,96,142,174,203,281,318,309,314,111,149,80,131,165,137,129,88
132,11364.0,282,521,54.13,11364,Oakland Gardens,NY,40.746718,-73.75994,"40.746718,-73.75994",1780,8710000US3611364,"ZCTA5 11364, New York",34555,16332,806,917,1027,693,394,166,198,561,936,901,1052,1228,1370,1386,1257,487,643,319,363,529,417,321,361,18223,709,849,1026,636,330,159,165,527,929,1098,1251,1404,1545,1541,1458,544,690,392,483,675,586,567,659
133,11365.0,475,858,55.36,11365,Fresh Meadows,NY,40.738983000000005,-73.79209,"40.738983,-73.79209",26,8710000US3611365,"ZCTA5 11365, New York",42252,19921,1173,1193,1230,843,503,275,286,754,1424,1291,1354,1418,1542,1533,1327,548,665,344,427,543,437,372,439,22331,1168,1155,1157,769,517,245,263,942,1514,1412,1471,1600,1730,1713,1586,576,774,389,502,710,646,629,863
134,11366.0,259,444,58.33,11366,Fresh Meadows,NY,40.726137,-73.79502,"40.726137,-73.79502",321,8710000US3611366,"ZCTA5 11366, New York",13532,6523,343,347,361,289,150,102,140,319,434,430,413,376,439,480,515,197,246,124,176,229,152,124,137,7009,342,346,351,251,162,110,107,336,466,420,426,407,479,556,531,251,261,125,193,264,193,202,230
135,11367.0,619,1069,57.9,11367,Flushing,NY,40.728614,-73.82145,"40.728614,-73.82145",664,8710000US3611367,"ZCTA5 11367, New York",41047,19559,1764,1250,1161,718,641,320,326,1098,1840,1500,1197,1059,1129,1268,1122,441,592,272,370,524,379,308,280,21488,1628,1215,1069,682,620,358,368,1067,1827,1545,1279,1220,1423,1446,1383,528,708,338,468,671,541,558,546
136,11368.0,2510,3198,78.49,11368,Corona,NY,40.747106,-73.85838000000001,"40.747106,-73.85838",1096,8710000US3611368,"ZCTA5 11368, New York",109931,58421,4752,3924,3385,2161,1796,1057,1131,3917,6679,6123,5249,4385,3586,2966,2256,729,960,502,683,883,562,415,320,51510,4458,3740,3003,1977,1461,789,820,2749,5134,4615,4115,3516,3221,2885,2347,930,1096,612,753,1060,821,701,707
137,11369.0,929,1236,75.16,11369,East Elmhurst,NY,40.762854,-73.87051,"40.762854,-73.87051",1066,8710000US3611369,"ZCTA5 11369, New York",38615,19285,1379,1176,1209,908,684,348,369,997,1733,1539,1454,1446,1380,1203,1062,342,435,202,318,453,262,196,190,19330,1264,1147,1174,791,580,278,292,918,1510,1365,1307,1403,1403,1339,1136,422,552,257,428,534,442,346,442
138,11370.0,883,1416,62.36,11370,East Elmhurst,NY,40.763015,-73.89052,"40.763015,-73.89052",650,8710000US3611370,"ZCTA5 11370, New York",39688,24539,855,868,835,875,1194,664,657,1875,2753,2498,2148,2297,2103,1582,1077,336,430,217,255,348,328,205,139,15149,896,767,788,535,389,225,199,621,1200,1280,1165,1222,1149,1120,836,314,397,212,306,502,436,326,264
139,11372.0,1511,2049,73.74,11372,Jackson Heights,NY,40.750146,-73.88433,"40.750146,-73.88433",1415,8710000US3611372,"ZCTA5 11372, New York",66636,33683,2051,1770,1538,975,761,473,475,1613,3004,3217,3210,2913,2632,2316,1974,646,892,512,606,813,565,414,313,32953,2061,1672,1626,947,723,365,411,1263,2528,2789,2716,2353,2279,2191,2179,757,1081,597,834,1149,886,767,779
140,11373.0,1939,2720,71.29,11373,Elmhurst,NY,40.736076000000004,-73.87804,"40.736076,-73.87804",534,8710000US3611373,"ZCTA5 11373, New York",100820,51175,3255,2917,2546,1724,1287,766,782,2819,5280,4763,4511,4059,3891,3330,2731,997,1247,659,799,1185,789,503,335,49645,2979,2717,2513,1541,1087,656,707,2414,4726,4344,3839,3624,3546,3474,3097,1156,1370,757,1006,1504,1070,804,714
141,11374.0,710,1223,58.05,11374,Rego Park,NY,40.724945,-73.8609,"40.724945,-73.8609",1690,8710000US3611374,"ZCTA5 11374, New York",43600,20464,1188,989,858,613,417,212,208,767,1596,1753,1573,1450,1478,1537,1462,563,762,365,472,766,550,481,404,23136,1068,888,824,518,362,176,208,836,1853,1896,1721,1491,1606,1753,1799,695,940,469,663,1019,768,745,838
142,11375.0,1003,1848,54.27,11375,Forest Hills,NY,40.720535,-73.84581999999999,"40.720535,-73.84582",29,8710000US3611375,"ZCTA5 11375, New York",68733,31722,1990,1537,1249,810,486,248,248,979,2367,2810,2856,2347,2320,2274,2150,862,1152,551,821,1235,931,723,776,37011,1863,1397,1201,724,421,280,242,1164,2770,3233,2943,2549,2547,2711,2619,1035,1539,732,1145,1548,1342,1369,1637
143,11377.0,1214,1845,65.8,11377,Woodside,NY,40.742869,-73.90377,"40.742869,-73.90377",1062,8710000US3611377,"ZCTA5 11377, New York",89830,45234,2626,2511,2274,1454,1061,612,623,2439,4614,4525,4173,3764,3396,2992,2314,814,1075,588,753,1027,756,490,353,44596,2488,2315,2212,1398,910,538,545,2071,4239,4219,3480,3310,3086,2975,2564,1047,1288,733,996,1371,1069,837,905
144,11378.0,419,725,57.79,11378,Maspeth,NY,40.724096,-73.90271,"40.724096,-73.90271",1351,8710000US3611378,"ZCTA5 11378, New York",34981,17124,1186,1044,987,578,405,210,202,702,1296,1469,1419,1385,1251,1256,1017,386,434,272,308,398,358,293,268,17857,1078,997,936,596,390,215,206,688,1398,1399,1361,1285,1254,1326,1115,448,530,293,356,562,465,435,524
145,11379.0,459,846,54.26,11379,Middle Village,NY,40.716028,-73.87925,"40.716028,-73.87925",691,8710000US3611379,"ZCTA5 11379, New York",34821,16529,927,934,867,548,318,190,166,581,1099,1185,1221,1316,1299,1287,1191,380,562,276,437,590,485,406,264,18292,884,871,839,507,340,168,189,581,1207,1271,1210,1272,1347,1460,1314,477,663,364,534,787,738,591,678
146,11385.0,1139,1921,59.29,11385,Ridgewood,NY,40.703069,-73.89285,"40.703069,-73.89285",1106,8710000US3611385,"ZCTA5 11385, New York",98592,48510,3318,3101,3131,2006,1362,726,691,2328,4434,4334,3881,3688,3465,3274,2659,917,1169,628,735,1026,779,503,355,50082,3216,2922,2896,1951,1271,674,666,2285,4439,4269,3742,3628,3552,3538,2892,971,1355,674,960,1335,1172,843,831
147,11411.0,433,640,67.66,11411,Cambria Heights,NY,40.693538000000004,-73.73574,"40.693538,-73.73574",1594,8710000US3611411,"ZCTA5 11411, New York",18556,8308,473,521,529,391,238,123,109,318,507,501,527,561,648,619,517,213,280,181,233,366,211,141,101,10248,448,479,528,424,244,121,141,422,554,593,630,722,821,763,712,271,394,304,379,517,318,251,212
148,11412.0,738,1157,63.79,11412,Saint Albans,NY,40.697188,-73.75948000000001,"40.697188,-73.75948",671,8710000US3611412,"ZCTA5 11412, New York",34882,15589,979,1024,1168,826,529,268,273,783,1038,941,986,1055,1195,1174,915,342,417,243,291,404,297,218,223,19293,977,1082,1205,850,523,316,265,798,1163,1202,1198,1398,1619,1499,1172,424,602,356,482,622,580,504,456
149,11413.0,800,1249,64.05,11413,Springfield Gardens,NY,40.670138,-73.75140999999999,"40.670138,-73.75141",456,8710000US3611413,"ZCTA5 11413, New York",38912,17667,1005,1193,1314,958,573,312,294,812,1199,1129,1001,1240,1358,1326,1037,403,506,295,371,577,371,248,145,21245,1043,1163,1338,875,558,298,312,833,1278,1302,1314,1608,1792,1659,1375,520,723,449,644,797,612,399,353
150,11414.0,515,847,60.8,11414,Howard Beach,NY,40.658188,-73.84321,"40.658188,-73.84321",692,8710000US3611414,"ZCTA5 11414, New York",26148,12295,652,700,653,405,257,126,131,389,691,794,824,905,867,936,823,349,507,281,341,519,511,354,280,13853,604,616,624,408,263,134,125,392,756,886,785,875,941,1090,968,427,598,339,510,741,600,604,567
151,11415.0,320,550,58.18,11415,Kew Gardens,NY,40.706903000000004,-73.82973,"40.706903,-73.82973",838,8710000US3611415,"ZCTA5 11415, New York",19341,9255,589,462,455,289,183,103,101,347,774,940,788,734,648,669,558,214,324,153,191,240,196,140,157,10086,555,458,393,242,190,72,103,393,959,954,789,667,696,693,684,271,347,201,220,328,285,255,331
152,11416.0,347,530,65.47,11416,Ozone Park,NY,40.683301,-73.8503,"40.683301,-73.8503",516,8710000US3611416,"ZCTA5 11416, New York",24861,12369,864,886,950,654,442,235,223,675,921,901,885,992,919,848,620,218,264,160,180,223,123,88,98,12492,804,794,865,607,400,208,184,639,975,936,902,948,989,845,644,229,313,146,241,255,205,160,203
153,11417.0,462,751,61.52,11417,Ozone Park,NY,40.675534000000006,-73.84476,"40.675534,-73.84476",551,8710000US3611417,"ZCTA5 11417, New York",28967,14008,859,929,989,665,419,229,206,656,1009,961,977,1153,1096,1143,820,309,397,172,246,286,204,159,124,14959,933,867,981,658,443,215,208,598,1101,1031,1088,1208,1176,1152,881,349,418,206,298,361,297,250,240
154,11418.0,565,897,62.99,11418,Richmond Hill,NY,40.698485,-73.83365,"40.698485,-73.83365",921,8710000US3611418,"ZCTA5 11418, New York",36256,18172,1260,1185,1241,789,543,276,306,843,1579,1472,1420,1313,1375,1315,1026,350,440,236,300,362,238,171,132,18084,1222,1172,1153,750,495,276,275,784,1463,1361,1342,1359,1319,1293,1063,397,470,245,342,465,323,224,291
155,11419.0,600,953,62.96,11419,South Richmond Hill,NY,40.688688,-73.82216,"40.688688,-73.82216",851,8710000US3611419,"ZCTA5 11419, New York",47211,23557,1487,1487,1666,1154,808,406,408,1176,1841,1581,1654,1762,1935,1893,1494,471,596,301,414,450,319,130,124,23654,1403,1391,1573,1127,700,369,375,1123,1758,1608,1678,1938,2060,1762,1392,530,597,350,498,609,341,252,220
156,11420.0,745,1168,63.78,11420,South Ozone Park,NY,40.673138,-73.81443,"40.673138,-73.81443",1654,8710000US3611420,"ZCTA5 11420, New York",44354,21457,1242,1499,1556,1072,641,392,350,1039,1552,1455,1469,1711,1734,1617,1316,404,591,264,410,480,285,238,140,22897,1315,1374,1531,1052,663,417,340,962,1654,1484,1591,1772,1907,1774,1391,444,642,329,508,621,447,337,342
157,11421.0,655,980,66.84,11421,Woodhaven,NY,40.690870000000004,-73.85828000000001,"40.69087,-73.85828",759,8710000US3611421,"ZCTA5 11421, New York",39127,19312,1286,1276,1369,914,613,339,327,897,1495,1462,1432,1491,1491,1340,1137,431,468,231,338,403,244,177,151,19815,1185,1162,1309,817,579,323,258,922,1547,1361,1437,1525,1538,1452,1221,424,568,339,400,481,336,299,332
158,11422.0,583,965,60.41,11422,Rosedale,NY,40.662538,-73.73514,"40.662538,-73.73514",1020,8710000US3611422,"ZCTA5 11422, New York",30425,13815,908,1032,1100,737,514,239,256,650,926,847,833,874,1100,1053,914,297,406,220,255,272,165,123,94,16610,843,946,1057,746,465,242,234,694,1162,1119,1127,1310,1447,1346,1079,370,516,286,333,469,342,250,227
159,11423.0,536,836,64.11,11423,Hollis,NY,40.714261,-73.76824,"40.714261,-73.76824",1494,8710000US3611423,"ZCTA5 11423, New York",29987,14160,836,816,972,649,421,233,212,640,1026,948,933,997,1078,1067,980,348,407,249,303,431,250,207,157,15827,796,824,878,609,421,247,213,673,1104,1021,1003,1124,1263,1266,1097,402,586,310,422,519,405,328,316
160,11426.0,316,558,56.63,11426,Bellerose,NY,40.732239,-73.72108,"40.732239,-73.72108",1269,8710000US3611426,"ZCTA5 11426, New York",17590,8542,426,505,570,374,238,131,111,346,577,541,504,550,652,791,716,231,296,145,183,240,172,117,126,9048,418,443,488,353,253,126,107,353,584,571,532,657,693,791,687,236,335,162,246,270,224,221,298
161,11427.0,475,787,60.36,11427,Queens Village,NY,40.728235,-73.74781999999999,"40.728235,-73.74782",1308,8710000US3611427,"ZCTA5 11427, New York",23593,11420,664,669,707,419,271,154,151,464,803,760,743,803,882,931,862,297,448,189,288,320,238,183,174,12173,603,584,671,429,263,164,184,467,796,830,771,865,952,1041,881,322,462,264,311,368,289,299,357
162,11428.0,382,597,63.99,11428,Queens Village,NY,40.719981,-73.74127,"40.719981,-73.74127",798,8710000US3611428,"ZCTA5 11428, New York",19168,9289,606,552,625,426,276,149,146,410,689,680,626,675,713,682,608,247,311,159,200,243,126,82,58,9879,532,545,594,380,256,154,152,438,692,744,592,694,752,847,707,280,342,166,242,282,202,146,140
163,11429.0,575,830,69.28,11429,Queens Village,NY,40.708833,-73.73903,"40.708833,-73.73903",1513,8710000US3611429,"ZCTA5 11429, New York",25105,11551,756,703,783,596,413,205,198,527,830,727,722,796,873,871,705,237,336,187,245,347,242,148,104,13554,679,701,822,580,411,235,175,569,968,816,827,963,1067,1047,901,302,405,274,404,527,370,266,245
164,11432.0,909,1395,65.16,11432,Jamaica,NY,40.714144,-73.79324,"40.714144,-73.79324",255,8710000US3611432,"ZCTA5 11432, New York",60809,29988,1880,1750,1625,1114,1509,632,544,1566,2317,2246,2176,2177,2110,2109,1741,635,821,494,559,757,525,391,310,30821,1786,1706,1676,1077,1592,620,544,1351,2148,2281,2041,2007,2029,2115,1886,697,913,542,721,982,693,579,835
165,11433.0,515,776,66.37,11433,Jamaica,NY,40.696538000000004,-73.78734,"40.696538,-73.78734",854,8710000US3611433,"ZCTA5 11433, New York",32687,14819,1157,1177,1226,839,561,298,264,718,1131,972,860,993,1034,967,763,292,293,172,258,357,244,140,103,17868,1048,1117,1226,818,500,278,266,792,1335,1141,1259,1213,1260,1254,1001,343,470,283,430,607,484,371,372
166,11434.0,1154,1798,64.18,11434,Jamaica,NY,40.674888,-73.7727,"40.674888,-73.7727",1281,8710000US3611434,"ZCTA5 11434, New York",59129,25829,1843,1803,1975,1395,927,434,411,1197,1741,1574,1527,1782,1927,1784,1478,571,732,376,507,629,481,344,391,33300,1897,1858,2003,1395,881,481,444,1336,2177,2074,2071,2346,2686,2557,2119,863,1095,695,831,1181,890,723,697
167,11435.0,861,1412,60.98,11435,Jamaica,NY,40.700068,-73.80986,"40.700068,-73.80986",640,8710000US3611435,"ZCTA5 11435, New York",53687,26353,1901,1625,1588,1161,805,414,399,1324,2309,2293,1987,2029,1904,1744,1469,496,650,360,431,513,418,292,241,27334,1739,1577,1584,1048,646,382,385,1319,2335,2318,2061,1987,1891,1822,1641,602,756,408,573,762,623,431,444
168,11436.0,292,450,64.89,11436,Jamaica,NY,40.674146,-73.79687,"40.674146,-73.79687",1724,8710000US3611436,"ZCTA5 11436, New York",17949,8379,586,620,624,449,292,151,119,381,644,564,510,586,655,642,466,168,203,98,138,171,129,110,73,9570,547,624,664,423,285,151,132,428,608,668,638,688,792,738,576,184,208,158,202,283,196,205,172
169,11691.0,1215,1792,67.8,11691,Far Rockaway,NY,40.60002,-73.75962,"40.60002,-73.75962",1164,8710000US3611691,"ZCTA5 11691, New York",60035,28160,2788,2389,2334,1497,1016,463,430,1226,2031,1774,1638,1536,1633,1671,1486,531,691,377,503,805,580,423,338,31875,2626,2369,2234,1455,883,472,435,1391,2250,2216,1984,2056,2007,1885,1788,598,840,511,627,1068,819,679,682
170,11692.0,332,521,63.72,11692,Arverne,NY,40.592939,-73.79568,"40.592939,-73.79568",389,8710000US3611692,"ZCTA5 11692, New York",18540,8465,765,746,775,460,290,169,180,331,559,525,500,539,602,509,422,150,207,98,171,202,121,90,54,10075,728,679,704,448,325,148,166,431,698,770,744,757,727,635,521,219,254,146,195,294,184,163,139
171,11693.0,220,369,59.62,11693,Far Rockaway,NY,40.596959000000005,-73.81978000000001,"40.596959,-73.81978",983,8710000US3611693,"ZCTA5 11693, New York",11916,5541,364,373,401,283,154,86,82,203,337,369,370,394,427,454,392,152,144,100,118,144,92,67,35,6375,358,370,357,298,161,82,81,211,416,435,449,449,533,505,452,167,220,115,160,212,124,116,104
172,11694.0,384,662,58.01,11694,Rockaway Park,NY,40.57649,-73.84721,"40.57649,-73.84721",542,8710000US3611694,"ZCTA5 11694, New York",20408,9962,509,566,577,447,262,113,85,328,538,489,599,632,792,887,891,276,380,227,296,382,274,224,188,10446,536,556,565,341,187,101,90,311,536,535,631,733,857,852,790,358,379,222,312,422,382,382,368
173,11697.0,65,135,48.15,11697,Breezy Point,NY,40.560167,-73.90890999999999,"40.560167,-73.90891",1496,8710000US3611697,"ZCTA5 11697, New York",4079,1886,94,109,122,83,30,12,15,58,74,83,80,122,138,147,158,58,96,58,68,92,86,52,51,2193,96,118,100,77,32,14,16,57,84,73,99,123,172,188,177,76,114,77,88,133,96,89,94
