,GEO_ID,NAME,H001001
0,id,Geographic Area Name,Total
1,8710000US3610032,"ZCTA5 10032, New York",21417
2,8710000US3614774,"ZCTA5 14774, New York",52
3,8710000US3612740,"ZCTA5 12740, New York",1148
4,8710000US3612832,"ZCTA5 12832, New York",3164
5,8710000US3613602,"ZCTA5 13602, New York",120
6,8710000US3614853,"ZCTA5 14853, New York",0
7,8710000US3611106,"ZCTA5 11106, New York",18296
8,8710000US3612924,"ZCTA5 12924, New York",75
9,8710000US3611213,"ZCTA5 11213, New York",24974
10,8710000US3613634,"ZCTA5 13634, New York",2220
11,8710000US3613656,"ZCTA5 13656, New York",1076
12,8710000US3613490,"ZCTA5 13490, New York",549
13,8710000US3612472,"ZCTA5 12472, New York",827
14,8710000US3612777,"ZCTA5 12777, New York",536
15,8710000US3613460,"ZCTA5 13460, New York",2039
16,8710000US3613337,"ZCTA5 13337, New York",438
17,8710000US3614860,"ZCTA5 14860, New York",779
18,8710000US3613696,"ZCTA5 13696, New York",49
19,8710000US3611765,"ZCTA5 11765, New York",326
20,8710000US3612594,"ZCTA5 12594, New York",1692
21,8710000US3613211,"ZCTA5 13211, New York",2820
22,8710000US3614467,"ZCTA5 14467, New York",3855
23,8710000US3613206,"ZCTA5 13206, New York",8401
24,8710000US3614611,"ZCTA5 14611, New York",7849
25,8710000US3613301,"ZCTA5 13301, New York",147
26,8710000US3611365,"ZCTA5 11365, New York",16098
27,8710000US3611724,"ZCTA5 11724, New York",1059
28,8710000US3611937,"ZCTA5 11937, New York",12428
29,8710000US3611375,"ZCTA5 11375, New York",34631
30,8710000US3613756,"ZCTA5 13756, New York",582
31,8710000US3614810,"ZCTA5 14810, New York",5955
32,8710000US3611763,"ZCTA5 11763, New York",9629
33,8710000US3612210,"ZCTA5 12210, New York",6252
34,8710000US3614885,"ZCTA5 14885, New York",419
35,8710000US3612816,"ZCTA5 12816, New York",2400
36,8710000US3612917,"ZCTA5 12917, New York",609
37,8710000US3614420,"ZCTA5 14420, New York",7612
38,8710000US3612760,"ZCTA5 12760, New York",592
39,8710000US3611005,"ZCTA5 11005, New York",1852
40,8710000US3611217,"ZCTA5 11217, New York",17581
41,8710000US3614432,"ZCTA5 14432, New York",2358
42,8710000US3612477,"ZCTA5 12477, New York",8842
43,8710000US3612792,"ZCTA5 12792, New York",230
44,8710000US3613621,"ZCTA5 13621, New York",338
45,8710000US3612515,"ZCTA5 12515, New York",616
46,8710000US3614507,"ZCTA5 14507, New York",890
47,8710000US3610516,"ZCTA5 10516, New York",2412
48,8710000US3613812,"ZCTA5 13812, New York",1011
49,8710000US3611715,"ZCTA5 11715, New York",1752
50,8710000US3612015,"ZCTA5 12015, New York",1641
51,8710000US3612306,"ZCTA5 12306, New York",11533
52,8710000US3612409,"ZCTA5 12409, New York",589
53,8710000US3614456,"ZCTA5 14456, New York",8724
54,8710000US3614817,"ZCTA5 14817, New York",1080
55,8710000US3610006,"ZCTA5 10006, New York",1991
56,8710000US3610463,"ZCTA5 10463, New York",30368
57,8710000US3612157,"ZCTA5 12157, New York",1888
58,8710000US3613319,"ZCTA5 13319, New York",461
59,8710000US3614427,"ZCTA5 14427, New York",994
60,8710000US3612066,"ZCTA5 12066, New York",946
61,8710000US3612873,"ZCTA5 12873, New York",406
62,8710000US3613035,"ZCTA5 13035, New York",3542
63,8710000US3613364,"ZCTA5 13364, New York",111
64,8710000US3613041,"ZCTA5 13041, New York",3992
65,8710000US3614873,"ZCTA5 14873, New York",1770
66,8710000US3611931,"ZCTA5 11931, New York",103
67,8710000US3612956,"ZCTA5 12956, New York",547
68,8710000US3613339,"ZCTA5 13339, New York",2943
69,8710000US3614722,"ZCTA5 14722, New York",1224
70,8710000US3612861,"ZCTA5 12861, New York",674
71,8710000US3610308,"ZCTA5 10308, New York",10715
72,8710000US3612912,"ZCTA5 12912, New York",1241
73,8710000US3613111,"ZCTA5 13111, New York",689
74,8710000US3613476,"ZCTA5 13476, New York",1364
75,8710000US3612742,"ZCTA5 12742, New York",131
76,8710000US3612962,"ZCTA5 12962, New York",2283
77,8710000US3613032,"ZCTA5 13032, New York",5785
78,8710000US3613757,"ZCTA5 13757, New York",643
79,8710000US3612723,"ZCTA5 12723, New York",1105
80,8710000US3614757,"ZCTA5 14757, New York",2530
81,8710000US3610578,"ZCTA5 10578, New York",252
82,8710000US3612160,"ZCTA5 12160, New York",415
83,8710000US3610522,"ZCTA5 10522, New York",4191
84,8710000US3614891,"ZCTA5 14891, New York",2070
85,8710000US3610930,"ZCTA5 10930, New York",3091
86,8710000US3610007,"ZCTA5 10007, New York",3143
87,8710000US3612180,"ZCTA5 12180, New York",24331
88,8710000US3612918,"ZCTA5 12918, New York",1023
89,8710000US3612992,"ZCTA5 12992, New York",2046
90,8710000US3613402,"ZCTA5 13402, New York",714
91,8710000US3613431,"ZCTA5 13431, New York",841
92,8710000US3614534,"ZCTA5 14534, New York",12390
93,8710000US3611581,"ZCTA5 11581, New York",7270
94,8710000US3611784,"ZCTA5 11784, New York",8380
95,8710000US3613078,"ZCTA5 13078, New York",3759
96,8710000US3613365,"ZCTA5 13365, New York",4424
97,8710000US3613404,"ZCTA5 13404, New York",93
98,8710000US3613141,"ZCTA5 13141, New York",284
99,8710000US3613494,"ZCTA5 13494, New York",608
100,8710000US3614743,"ZCTA5 14743, New York",953
101,8710000US3611103,"ZCTA5 11103, New York",18518
102,8710000US3611576,"ZCTA5 11576, New York",4630
103,8710000US3613780,"ZCTA5 13780, New York",560
104,8710000US3611758,"ZCTA5 11758, New York",18795
105,8710000US3613345,"ZCTA5 13345, New York",93
106,8710000US3614850,"ZCTA5 14850, New York",26467
107,8710000US3612836,"ZCTA5 12836, New York",731
108,8710000US3611733,"ZCTA5 11733, New York",6326
109,8710000US3612801,"ZCTA5 12801, New York",7112
110,8710000US3611520,"ZCTA5 11520, New York",14000
111,8710000US3612455,"ZCTA5 12455, New York",1695
112,8710000US3610177,"ZCTA5 10177, New York",0
113,8710000US3613904,"ZCTA5 13904, New York",4256
114,8710000US3612504,"ZCTA5 12504, New York",47
115,8710000US3612827,"ZCTA5 12827, New York",1860
116,8710000US3613081,"ZCTA5 13081, New York",671
117,8710000US3610466,"ZCTA5 10466, New York",24854
118,8710000US3611789,"ZCTA5 11789, New York",3105
119,8710000US3614006,"ZCTA5 14006, New York",4920
120,8710000US3613028,"ZCTA5 13028, New York",817
121,8710000US3613787,"ZCTA5 13787, New York",1642
122,8710000US3614812,"ZCTA5 14812, New York",1460
123,8710000US3611545,"ZCTA5 11545, New York",4331
124,8710000US3612935,"ZCTA5 12935, New York",960
125,8710000US3614065,"ZCTA5 14065, New York",830
126,8710000US3610579,"ZCTA5 10579, New York",3551
127,8710000US3610517,"ZCTA5 10517, New York",224
128,8710000US3612565,"ZCTA5 12565, New York",705
129,8710000US3612446,"ZCTA5 12446, New York",2776
130,8710000US3613630,"ZCTA5 13630, New York",596
131,8710000US3612884,"ZCTA5 12884, New York",201
132,8710000US3610510,"ZCTA5 10510, New York",3562
133,8710000US3613746,"ZCTA5 13746, New York",1132
134,8710000US3614487,"ZCTA5 14487, New York",2700
135,8710000US3610956,"ZCTA5 10956, New York",10600
136,8710000US3613461,"ZCTA5 13461, New York",1392
137,8710000US3610533,"ZCTA5 10533, New York",2924
138,8710000US3610964,"ZCTA5 10964, New York",601
139,8710000US3612850,"ZCTA5 12850, New York",1390
140,8710000US3611976,"ZCTA5 11976, New York",2201
141,8710000US3612058,"ZCTA5 12058, New York",709
142,8710000US3613219,"ZCTA5 13219, New York",6781
143,8710000US3614441,"ZCTA5 14441, New York",185
144,8710000US3611596,"ZCTA5 11596, New York",3782
145,8710000US3610541,"ZCTA5 10541, New York",9425
146,8710000US3614479,"ZCTA5 14479, New York",111
147,8710000US3611451,"ZCTA5 11451, New York",0
148,8710000US3614005,"ZCTA5 14005, New York",760
149,8710000US3613903,"ZCTA5 13903, New York",8613
150,8710000US3612843,"ZCTA5 12843, New York",421
151,8710000US3614783,"ZCTA5 14783, New York",197
152,8710000US3611575,"ZCTA5 11575, New York",4369
153,8710000US3612086,"ZCTA5 12086, New York",910
154,8710000US3612871,"ZCTA5 12871, New York",1764
155,8710000US3612993,"ZCTA5 12993, New York",1197
156,8710000US3613136,"ZCTA5 13136, New York",286
157,8710000US3610025,"ZCTA5 10025, New York",47617
158,8710000US3613155,"ZCTA5 13155, New York",327
159,8710000US3613838,"ZCTA5 13838, New York",2153
160,8710000US3611220,"ZCTA5 11220, New York",31045
161,8710000US3611104,"ZCTA5 11104, New York",12532
162,8710000US3610535,"ZCTA5 10535, New York",239
163,8710000US3612513,"ZCTA5 12513, New York",367
164,8710000US3613315,"ZCTA5 13315, New York",718
165,8710000US3611778,"ZCTA5 11778, New York",4971
166,8710000US3613495,"ZCTA5 13495, New York",1037
167,8710000US3613625,"ZCTA5 13625, New York",1151
168,8710000US3614043,"ZCTA5 14043, New York",11475
169,8710000US3614742,"ZCTA5 14742, New York",128
170,8710000US3612193,"ZCTA5 12193, New York",928
171,8710000US3613108,"ZCTA5 13108, New York",2557
172,8710000US3613790,"ZCTA5 13790, New York",9152
173,8710000US3611769,"ZCTA5 11769, New York",4168
174,8710000US3612553,"ZCTA5 12553, New York",9650
175,8710000US3612743,"ZCTA5 12743, New York",333
176,8710000US3610801,"ZCTA5 10801, New York",15154
177,8710000US3610917,"ZCTA5 10917, New York",709
178,8710000US3612147,"ZCTA5 12147, New York",315
179,8710000US3612154,"ZCTA5 12154, New York",1172
180,8710000US3613147,"ZCTA5 13147, New York",506
181,8710000US3612484,"ZCTA5 12484, New York",1376
182,8710000US3613316,"ZCTA5 13316, New York",3021
183,8710000US3614101,"ZCTA5 14101, New York",1110
184,8710000US3614604,"ZCTA5 14604, New York",1482
185,8710000US3612934,"ZCTA5 12934, New York",506
186,8710000US3613205,"ZCTA5 13205, New York",8693
187,8710000US3610993,"ZCTA5 10993, New York",1689
188,8710000US3614609,"ZCTA5 14609, New York",19295
189,8710000US3612448,"ZCTA5 12448, New York",298
190,8710000US3614808,"ZCTA5 14808, New York",267
191,8710000US3611218,"ZCTA5 11218, New York",26598
192,8710000US3612035,"ZCTA5 12035, New York",355
193,8710000US3614082,"ZCTA5 14082, New York",204
194,8710000US3610920,"ZCTA5 10920, New York",3012
195,8710000US3610933,"ZCTA5 10933, New York",158
196,8710000US3614551,"ZCTA5 14551, New York",2468
197,8710000US3610606,"ZCTA5 10606, New York",6125
198,8710000US3614560,"ZCTA5 14560, New York",1128
199,8710000US3611516,"ZCTA5 11516, New York",2655
200,8710000US3614769,"ZCTA5 14769, New York",492
201,8710000US3610470,"ZCTA5 10470, New York",6882
202,8710000US3614008,"ZCTA5 14008, New York",581
203,8710000US3610550,"ZCTA5 10550, New York",15563
204,8710000US3612961,"ZCTA5 12961, New York",88
205,8710000US3611735,"ZCTA5 11735, New York",11438
206,8710000US3612116,"ZCTA5 12116, New York",1112
207,8710000US3612823,"ZCTA5 12823, New York",152
208,8710000US3612870,"ZCTA5 12870, New York",1765
209,8710000US3613131,"ZCTA5 13131, New York",1580
210,8710000US3610512,"ZCTA5 10512, New York",10241
211,8710000US3612009,"ZCTA5 12009, New York",3076
212,8710000US3610456,"ZCTA5 10456, New York",29651
213,8710000US3612543,"ZCTA5 12543, New York",1178
214,8710000US3611939,"ZCTA5 11939, New York",953
215,8710000US3613753,"ZCTA5 13753, New York",2272
216,8710000US3614001,"ZCTA5 14001, New York",4254
217,8710000US3610573,"ZCTA5 10573, New York",13662
218,8710000US3614869,"ZCTA5 14869, New York",604
219,8710000US3613148,"ZCTA5 13148, New York",5188
220,8710000US3614450,"ZCTA5 14450, New York",17504
221,8710000US3606390,"ZCTA5 06390, New York",660
222,8710000US3614770,"ZCTA5 14770, New York",1342
223,8710000US3612062,"ZCTA5 12062, New York",814
224,8710000US3612538,"ZCTA5 12538, New York",5674
225,8710000US3614211,"ZCTA5 14211, New York",12243
226,8710000US3611568,"ZCTA5 11568, New York",1124
227,8710000US3614469,"ZCTA5 14469, New York",2636
228,8710000US3614129,"ZCTA5 14129, New York",669
229,8710000US3614506,"ZCTA5 14506, New York",505
230,8710000US3610547,"ZCTA5 10547, New York",2851
231,8710000US3610552,"ZCTA5 10552, New York",9509
232,8710000US3611530,"ZCTA5 11530, New York",9474
233,8710000US3613135,"ZCTA5 13135, New York",2785
234,8710000US3614612,"ZCTA5 14612, New York",15020
235,8710000US3614750,"ZCTA5 14750, New York",2384
236,8710000US3610566,"ZCTA5 10566, New York",9705
237,8710000US3611963,"ZCTA5 11963, New York",5628
238,8710000US3613501,"ZCTA5 13501, New York",16932
239,8710000US3611040,"ZCTA5 11040, New York",13900
240,8710000US3613859,"ZCTA5 13859, New York",83
241,8710000US3614172,"ZCTA5 14172, New York",1591
242,8710000US3614815,"ZCTA5 14815, New York",776
243,8710000US3614755,"ZCTA5 14755, New York",1567
244,8710000US3610519,"ZCTA5 10519, New York",133
245,8710000US3610536,"ZCTA5 10536, New York",3776
246,8710000US3612115,"ZCTA5 12115, New York",113
247,8710000US3614626,"ZCTA5 14626, New York",12885
248,8710000US3614738,"ZCTA5 14738, New York",1809
249,8710000US3611225,"ZCTA5 11225, New York",23588
250,8710000US3613796,"ZCTA5 13796, New York",635
251,8710000US3610112,"ZCTA5 10112, New York",0
252,8710000US3613103,"ZCTA5 13103, New York",118
253,8710000US3614543,"ZCTA5 14543, New York",1261
254,8710000US3610924,"ZCTA5 10924, New York",4819
255,8710000US3611432,"ZCTA5 11432, New York",19518
256,8710000US3612067,"ZCTA5 12067, New York",651
257,8710000US3612138,"ZCTA5 12138, New York",1761
258,8710000US3613803,"ZCTA5 13803, New York",1690
259,8710000US3611954,"ZCTA5 11954, New York",4722
260,8710000US3612148,"ZCTA5 12148, New York",1797
261,8710000US3614854,"ZCTA5 14854, New York",15
262,8710000US3612853,"ZCTA5 12853, New York",1230
263,8710000US3614527,"ZCTA5 14527, New York",6670
264,8710000US3610457,"ZCTA5 10457, New York",24364
265,8710000US3612429,"ZCTA5 12429, New York",139
266,8710000US3614739,"ZCTA5 14739, New York",1809
267,8710000US3613697,"ZCTA5 13697, New York",993
268,8710000US3614904,"ZCTA5 14904, New York",7324
269,8710000US3610501,"ZCTA5 10501, New York",395
270,8710000US3610548,"ZCTA5 10548, New York",1190
271,8710000US3611948,"ZCTA5 11948, New York",718
272,8710000US3613120,"ZCTA5 13120, New York",1066
273,8710000US3613616,"ZCTA5 13616, New York",815
274,8710000US3613641,"ZCTA5 13641, New York",288
275,8710000US3611358,"ZCTA5 11358, New York",14068
276,8710000US3611553,"ZCTA5 11553, New York",6469
277,8710000US3612084,"ZCTA5 12084, New York",2205
278,8710000US3612933,"ZCTA5 12933, New York",7
279,8710000US3612966,"ZCTA5 12966, New York",1305
280,8710000US3612790,"ZCTA5 12790, New York",3048
281,8710000US3612997,"ZCTA5 12997, New York",827
282,8710000US3613144,"ZCTA5 13144, New York",843
283,8710000US3614586,"ZCTA5 14586, New York",3900
284,8710000US3612120,"ZCTA5 12120, New York",353
285,8710000US3610474,"ZCTA5 10474, New York",3985
286,8710000US3610588,"ZCTA5 10588, New York",867
287,8710000US3614879,"ZCTA5 14879, New York",1041
288,8710000US3614827,"ZCTA5 14827, New York",82
289,8710000US3610954,"ZCTA5 10954, New York",8809
290,8710000US3613659,"ZCTA5 13659, New York",416
291,8710000US3610027,"ZCTA5 10027, New York",25071
292,8710000US3611953,"ZCTA5 11953, New York",5660
293,8710000US3612430,"ZCTA5 12430, New York",1157
294,8710000US3612492,"ZCTA5 12492, New York",298
295,8710000US3612928,"ZCTA5 12928, New York",1117
296,8710000US3610165,"ZCTA5 10165, New York",2
297,8710000US3613361,"ZCTA5 13361, New York",328
298,8710000US3614139,"ZCTA5 14139, New York",938
299,8710000US3613665,"ZCTA5 13665, New York",440
300,8710000US3613167,"ZCTA5 13167, New York",1479
301,8710000US3613905,"ZCTA5 13905, New York",13468
302,8710000US3614221,"ZCTA5 14221, New York",23800
303,8710000US3614222,"ZCTA5 14222, New York",7950
304,8710000US3614424,"ZCTA5 14424, New York",12972
305,8710000US3610595,"ZCTA5 10595, New York",2420
306,8710000US3611940,"ZCTA5 11940, New York",2179
307,8710000US3613736,"ZCTA5 13736, New York",987
308,8710000US3612923,"ZCTA5 12923, New York",344
309,8710000US3613031,"ZCTA5 13031, New York",6730
310,8710000US3613124,"ZCTA5 13124, New York",74
311,8710000US3614013,"ZCTA5 14013, New York",723
312,8710000US3614081,"ZCTA5 14081, New York",1566
313,8710000US3614711,"ZCTA5 14711, New York",1031
314,8710000US3612095,"ZCTA5 12095, New York",5441
315,8710000US3611732,"ZCTA5 11732, New York",1417
316,8710000US3614905,"ZCTA5 14905, New York",4326
317,8710000US3613664,"ZCTA5 13664, New York",250
318,8710000US3613678,"ZCTA5 13678, New York",107
319,8710000US3612149,"ZCTA5 12149, New York",1375
320,8710000US3610543,"ZCTA5 10543, New York",7971
321,8710000US3611366,"ZCTA5 11366, New York",4723
322,8710000US3612498,"ZCTA5 12498, New York",3162
323,8710000US3612944,"ZCTA5 12944, New York",2151
324,8710000US3614030,"ZCTA5 14030, New York",775
325,8710000US3611234,"ZCTA5 11234, New York",33714
326,8710000US3614732,"ZCTA5 14732, New York",85
327,8710000US3612759,"ZCTA5 12759, New York",1489
328,8710000US3612808,"ZCTA5 12808, New York",626
329,8710000US3613303,"ZCTA5 13303, New York",529
330,8710000US3610996,"ZCTA5 10996, New York",841
331,8710000US3613334,"ZCTA5 13334, New York",846
332,8710000US3611721,"ZCTA5 11721, New York",2421
333,8710000US3611757,"ZCTA5 11757, New York",16104
334,8710000US3612939,"ZCTA5 12939, New York",97
335,8710000US3613162,"ZCTA5 13162, New York",325
336,8710000US3613027,"ZCTA5 13027, New York",13717
337,8710000US3611559,"ZCTA5 11559, New York",2821
338,8710000US3611797,"ZCTA5 11797, New York",3217
339,8710000US3612020,"ZCTA5 12020, New York",13130
340,8710000US3613844,"ZCTA5 13844, New York",368
341,8710000US3610469,"ZCTA5 10469, New York",24078
342,8710000US3612741,"ZCTA5 12741, New York",230
343,8710000US3614618,"ZCTA5 14618, New York",8809
344,8710000US3610021,"ZCTA5 10021, New York",28628
345,8710000US3610914,"ZCTA5 10914, New York",155
346,8710000US3612197,"ZCTA5 12197, New York",1394
347,8710000US3613485,"ZCTA5 13485, New York",545
348,8710000US3611003,"ZCTA5 11003, New York",12850
349,8710000US3612070,"ZCTA5 12070, New York",617
350,8710000US3612972,"ZCTA5 12972, New York",2619
351,8710000US3614807,"ZCTA5 14807, New York",1477
352,8710000US3612434,"ZCTA5 12434, New York",520
353,8710000US3610030,"ZCTA5 10030, New York",12976
354,8710000US3611793,"ZCTA5 11793, New York",11023
355,8710000US3613672,"ZCTA5 13672, New York",675
356,8710000US3614621,"ZCTA5 14621, New York",14768
357,8710000US3610115,"ZCTA5 10115, New York",0
358,8710000US3612563,"ZCTA5 12563, New York",2600
359,8710000US3610460,"ZCTA5 10460, New York",20706
360,8710000US3614433,"ZCTA5 14433, New York",1946
361,8710000US3612769,"ZCTA5 12769, New York",164
362,8710000US3614606,"ZCTA5 14606, New York",12090
363,8710000US3614625,"ZCTA5 14625, New York",4801
364,8710000US3612168,"ZCTA5 12168, New York",1025
365,8710000US3612767,"ZCTA5 12767, New York",81
366,8710000US3612589,"ZCTA5 12589, New York",5192
367,8710000US3614203,"ZCTA5 14203, New York",936
368,8710000US3613138,"ZCTA5 13138, New York",25
369,8710000US3613101,"ZCTA5 13101, New York",1059
370,8710000US3613489,"ZCTA5 13489, New York",316
371,8710000US3613826,"ZCTA5 13826, New York",49
372,8710000US3614226,"ZCTA5 14226, New York",13007
373,8710000US3612059,"ZCTA5 12059, New York",1021
374,8710000US3612068,"ZCTA5 12068, New York",1365
375,8710000US3613053,"ZCTA5 13053, New York",2084
376,8710000US3611747,"ZCTA5 11747, New York",7529
377,8710000US3612864,"ZCTA5 12864, New York",150
378,8710000US3613425,"ZCTA5 13425, New York",857
379,8710000US3614174,"ZCTA5 14174, New York",2616
380,8710000US3611109,"ZCTA5 11109, New York",2127
381,8710000US3613493,"ZCTA5 13493, New York",945
382,8710000US3611730,"ZCTA5 11730, New York",5035
383,8710000US3614034,"ZCTA5 14034, New York",793
384,8710000US3612518,"ZCTA5 12518, New York",2494
385,8710000US3612965,"ZCTA5 12965, New York",226
386,8710000US3613861,"ZCTA5 13861, New York",187
387,8710000US3614168,"ZCTA5 14168, New York",17
388,8710000US3612922,"ZCTA5 12922, New York",150
389,8710000US3611692,"ZCTA5 11692, New York",6881
390,8710000US3612525,"ZCTA5 12525, New York",1516
391,8710000US3613352,"ZCTA5 13352, New York",33
392,8710000US3614218,"ZCTA5 14218, New York",9443
393,8710000US3610570,"ZCTA5 10570, New York",4357
394,8710000US3613368,"ZCTA5 13368, New York",632
395,8710000US3610598,"ZCTA5 10598, New York",10644
396,8710000US3613068,"ZCTA5 13068, New York",2281
397,8710000US3612859,"ZCTA5 12859, New York",899
398,8710000US3613322,"ZCTA5 13322, New York",574
399,8710000US3614729,"ZCTA5 14729, New York",552
400,8710000US3612987,"ZCTA5 12987, New York",142
401,8710000US3614091,"ZCTA5 14091, New York",433
402,8710000US3614847,"ZCTA5 14847, New York",1278
403,8710000US3613841,"ZCTA5 13841, New York",316
404,8710000US3614569,"ZCTA5 14569, New York",2897
405,8710000US3610169,"ZCTA5 10169, New York",0
406,8710000US3612998,"ZCTA5 12998, New York",262
407,8710000US3613118,"ZCTA5 13118, New York",2853
408,8710000US3614206,"ZCTA5 14206, New York",10885
409,8710000US3612789,"ZCTA5 12789, New York",1564
410,8710000US3612464,"ZCTA5 12464, New York",916
411,8710000US3613328,"ZCTA5 13328, New York",548
412,8710000US3610154,"ZCTA5 10154, New York",0
413,8710000US3612839,"ZCTA5 12839, New York",5899
414,8710000US3614136,"ZCTA5 14136, New York",2375
415,8710000US3614131,"ZCTA5 14131, New York",2259
416,8710000US3610591,"ZCTA5 10591, New York",9047
417,8710000US3611770,"ZCTA5 11770, New York",1196
418,8710000US3612436,"ZCTA5 12436, New York",424
419,8710000US3612517,"ZCTA5 12517, New York",292
420,8710000US3612190,"ZCTA5 12190, New York",780
421,8710000US3611557,"ZCTA5 11557, New York",2961
422,8710000US3612549,"ZCTA5 12549, New York",3704
423,8710000US3612953,"ZCTA5 12953, New York",5610
424,8710000US3612586,"ZCTA5 12586, New York",4740
425,8710000US3611210,"ZCTA5 11210, New York",22476
426,8710000US3611719,"ZCTA5 11719, New York",1304
427,8710000US3613040,"ZCTA5 13040, New York",1313
428,8710000US3614591,"ZCTA5 14591, New York",710
429,8710000US3611787,"ZCTA5 11787, New York",12658
430,8710000US3613813,"ZCTA5 13813, New York",529
431,8710000US3610921,"ZCTA5 10921, New York",1545
432,8710000US3612077,"ZCTA5 12077, New York",2450
433,8710000US3612765,"ZCTA5 12765, New York",419
434,8710000US3613633,"ZCTA5 13633, New York",190
435,8710000US3612092,"ZCTA5 12092, New York",604
436,8710000US3613607,"ZCTA5 13607, New York",1812
437,8710000US3613684,"ZCTA5 13684, New York",737
438,8710000US3612136,"ZCTA5 12136, New York",487
439,8710000US3613160,"ZCTA5 13160, New York",946
440,8710000US3612745,"ZCTA5 12745, New York",100
441,8710000US3613329,"ZCTA5 13329, New York",1905
442,8710000US3613441,"ZCTA5 13441, New York",15
443,8710000US3614304,"ZCTA5 14304, New York",14307
444,8710000US3613214,"ZCTA5 13214, New York",3327
445,8710000US3613346,"ZCTA5 13346, New York",2413
446,8710000US3613492,"ZCTA5 13492, New York",5173
447,8710000US3613660,"ZCTA5 13660, New York",776
448,8710000US3612809,"ZCTA5 12809, New York",1759
449,8710000US3612970,"ZCTA5 12970, New York",296
450,8710000US3614228,"ZCTA5 14228, New York",9121
451,8710000US3614744,"ZCTA5 14744, New York",512
452,8710000US3611702,"ZCTA5 11702, New York",5850
453,8710000US3612482,"ZCTA5 12482, New York",345
454,8710000US3611354,"ZCTA5 11354, New York",22201
455,8710000US3613073,"ZCTA5 13073, New York",2620
456,8710000US3611413,"ZCTA5 11413, New York",12975
457,8710000US3612771,"ZCTA5 12771, New York",6165
458,8710000US3612575,"ZCTA5 12575, New York",781
459,8710000US3612916,"ZCTA5 12916, New York",935
460,8710000US3611590,"ZCTA5 11590, New York",14450
461,8710000US3612458,"ZCTA5 12458, New York",1182
462,8710000US3613740,"ZCTA5 13740, New York",507
463,8710000US3610553,"ZCTA5 10553, New York",3812
464,8710000US3611762,"ZCTA5 11762, New York",7651
465,8710000US3614841,"ZCTA5 14841, New York",655
466,8710000US3613635,"ZCTA5 13635, New York",545
467,8710000US3614472,"ZCTA5 14472, New York",3469
468,8710000US3610029,"ZCTA5 10029, New York",31121
469,8710000US3612435,"ZCTA5 12435, New York",230
470,8710000US3613403,"ZCTA5 13403, New York",1697
471,8710000US3611569,"ZCTA5 11569, New York",770
472,8710000US3614884,"ZCTA5 14884, New York",320
473,8710000US3610596,"ZCTA5 10596, New York",724
474,8710000US3613670,"ZCTA5 13670, New York",398
475,8710000US3613760,"ZCTA5 13760, New York",20765
476,8710000US3614481,"ZCTA5 14481, New York",819
477,8710000US3614522,"ZCTA5 14522, New York",4185
478,8710000US3613655,"ZCTA5 13655, New York",1365
479,8710000US3612729,"ZCTA5 12729, New York",865
480,8710000US3613321,"ZCTA5 13321, New York",527
481,8710000US3614125,"ZCTA5 14125, New York",1510
482,8710000US3612849,"ZCTA5 12849, New York",159
483,8710000US3613849,"ZCTA5 13849, New York",2372
484,8710000US3613682,"ZCTA5 13682, New York",361
485,8710000US3610306,"ZCTA5 10306, New York",22017
486,8710000US3612140,"ZCTA5 12140, New York",671
487,8710000US3613734,"ZCTA5 13734, New York",952
488,8710000US3614840,"ZCTA5 14840, New York",2944
489,8710000US3612976,"ZCTA5 12976, New York",246
490,8710000US3613302,"ZCTA5 13302, New York",954
491,8710000US3613472,"ZCTA5 13472, New York",389
492,8710000US3611231,"ZCTA5 11231, New York",16149
493,8710000US3612833,"ZCTA5 12833, New York",1833
494,8710000US3614130,"ZCTA5 14130, New York",103
495,8710000US3614708,"ZCTA5 14708, New York",143
496,8710000US3611950,"ZCTA5 11950, New York",5098
497,8710000US3612046,"ZCTA5 12046, New York",347
498,8710000US3612470,"ZCTA5 12470, New York",308
499,8710000US3613132,"ZCTA5 13132, New York",1780
500,8710000US3611790,"ZCTA5 11790, New York",5034
501,8710000US3612069,"ZCTA5 12069, New York",101
502,8710000US3612583,"ZCTA5 12583, New York",1084
503,8710000US3611359,"ZCTA5 11359, New York",0
504,8710000US3611741,"ZCTA5 11741, New York",9959
505,8710000US3612958,"ZCTA5 12958, New York",864
506,8710000US3613411,"ZCTA5 13411, New York",1627
507,8710000US3614435,"ZCTA5 14435, New York",1598
508,8710000US3612412,"ZCTA5 12412, New York",353
509,8710000US3614113,"ZCTA5 14113, New York",313
510,8710000US3614220,"ZCTA5 14220, New York",11117
511,8710000US3613675,"ZCTA5 13675, New York",59
512,8710000US3613783,"ZCTA5 13783, New York",2113
513,8710000US3614437,"ZCTA5 14437, New York",4423
514,8710000US3614482,"ZCTA5 14482, New York",3647
515,8710000US3610704,"ZCTA5 10704, New York",13292
516,8710000US3611416,"ZCTA5 11416, New York",7806
517,8710000US3612209,"ZCTA5 12209, New York",4501
518,8710000US3614103,"ZCTA5 14103, New York",4808
519,8710000US3610019,"ZCTA5 10019, New York",31404
520,8710000US3612117,"ZCTA5 12117, New York",2098
521,8710000US3612878,"ZCTA5 12878, New York",565
522,8710000US3611518,"ZCTA5 11518, New York",4348
523,8710000US3612465,"ZCTA5 12465, New York",312
524,8710000US3611010,"ZCTA5 11010, New York",8402
525,8710000US3612751,"ZCTA5 12751, New York",516
526,8710000US3613044,"ZCTA5 13044, New York",1090
527,8710000US3614818,"ZCTA5 14818, New York",983
528,8710000US3611030,"ZCTA5 11030, New York",6488
529,8710000US3613690,"ZCTA5 13690, New York",561
530,8710000US3614051,"ZCTA5 14051, New York",7476
531,8710000US3614098,"ZCTA5 14098, New York",1686
532,8710000US3610271,"ZCTA5 10271, New York",0
533,8710000US3613428,"ZCTA5 13428, New York",704
534,8710000US3611373,"ZCTA5 11373, New York",33227
535,8710000US3612177,"ZCTA5 12177, New York",234
536,8710000US3612442,"ZCTA5 12442, New York",1301
537,8710000US3614041,"ZCTA5 14041, New York",110
538,8710000US3613357,"ZCTA5 13357, New York",4885
539,8710000US3613752,"ZCTA5 13752, New York",646
540,8710000US3614478,"ZCTA5 14478, New York",703
541,8710000US3611549,"ZCTA5 11549, New York",0
542,8710000US3611694,"ZCTA5 11694, New York",9341
543,8710000US3613313,"ZCTA5 13313, New York",230
544,8710000US3614167,"ZCTA5 14167, New York",816
545,8710000US3614814,"ZCTA5 14814, New York",825
546,8710000US3611552,"ZCTA5 11552, New York",7529
547,8710000US3612165,"ZCTA5 12165, New York",115
548,8710000US3612540,"ZCTA5 12540, New York",2785
549,8710000US3612106,"ZCTA5 12106, New York",1057
550,8710000US3614511,"ZCTA5 14511, New York",230
551,8710000US3611417,"ZCTA5 11417, New York",9714
552,8710000US3613845,"ZCTA5 13845, New York",39
553,8710000US3613314,"ZCTA5 13314, New York",193
554,8710000US3610537,"ZCTA5 10537, New York",1043
555,8710000US3610038,"ZCTA5 10038, New York",10211
556,8710000US3612487,"ZCTA5 12487, New York",1437
557,8710000US3610505,"ZCTA5 10505, New York",233
558,8710000US3611560,"ZCTA5 11560, New York",2490
559,8710000US3611580,"ZCTA5 11580, New York",13506
560,8710000US3612461,"ZCTA5 12461, New York",964
561,8710000US3614782,"ZCTA5 14782, New York",1101
562,8710000US3610923,"ZCTA5 10923, New York",3081
563,8710000US3612495,"ZCTA5 12495, New York",244
564,8710000US3614813,"ZCTA5 14813, New York",1396
565,8710000US3610314,"ZCTA5 10314, New York",32533
566,8710000US3610594,"ZCTA5 10594, New York",1694
567,8710000US3612061,"ZCTA5 12061, New York",3827
568,8710000US3612592,"ZCTA5 12592, New York",653
569,8710000US3614716,"ZCTA5 14716, New York",1029
570,8710000US3611729,"ZCTA5 11729, New York",9895
571,8710000US3614838,"ZCTA5 14838, New York",832
572,8710000US3612486,"ZCTA5 12486, New York",661
573,8710000US3613353,"ZCTA5 13353, New York",289
574,8710000US3614883,"ZCTA5 14883, New York",1850
575,8710000US3610969,"ZCTA5 10969, New York",501
576,8710000US3611949,"ZCTA5 11949, New York",5399
577,8710000US3612208,"ZCTA5 12208, New York",10260
578,8710000US3612175,"ZCTA5 12175, New York",498
579,8710000US3611947,"ZCTA5 11947, New York",206
580,8710000US3612601,"ZCTA5 12601, New York",17530
581,8710000US3612577,"ZCTA5 12577, New York",700
582,8710000US3613083,"ZCTA5 13083, New York",825
583,8710000US3611779,"ZCTA5 11779, New York",13632
584,8710000US3614767,"ZCTA5 14767, New York",804
585,8710000US3611206,"ZCTA5 11206, New York",29941
586,8710000US3614464,"ZCTA5 14464, New York",2997
587,8710000US3614709,"ZCTA5 14709, New York",992
588,8710000US3613438,"ZCTA5 13438, New York",2123
589,8710000US3613856,"ZCTA5 13856, New York",3976
590,8710000US3613318,"ZCTA5 13318, New York",522
591,8710000US3614530,"ZCTA5 14530, New York",2833
592,8710000US3614561,"ZCTA5 14561, New York",1156
593,8710000US3610987,"ZCTA5 10987, New York",1542
594,8710000US3612045,"ZCTA5 12045, New York",279
595,8710000US3614111,"ZCTA5 14111, New York",1449
596,8710000US3612017,"ZCTA5 12017, New York",314
597,8710000US3610010,"ZCTA5 10010, New York",18030
598,8710000US3613026,"ZCTA5 13026, New York",917
599,8710000US3614882,"ZCTA5 14882, New York",1747
600,8710000US3611968,"ZCTA5 11968, New York",9398
601,8710000US3612444,"ZCTA5 12444, New York",623
602,8710000US3612865,"ZCTA5 12865, New York",1819
603,8710000US3611547,"ZCTA5 11547, New York",298
604,8710000US3612857,"ZCTA5 12857, New York",494
605,8710000US3613804,"ZCTA5 13804, New York",221
606,8710000US3614411,"ZCTA5 14411, New York",5487
607,8710000US3612981,"ZCTA5 12981, New York",1080
608,8710000US3613488,"ZCTA5 13488, New York",77
609,8710000US3614870,"ZCTA5 14870, New York",4374
610,8710000US3612204,"ZCTA5 12204, New York",3798
611,8710000US3612764,"ZCTA5 12764, New York",1361
612,8710000US3612845,"ZCTA5 12845, New York",3744
613,8710000US3610992,"ZCTA5 10992, New York",3467
614,8710000US3611713,"ZCTA5 11713, New York",3940
615,8710000US3612858,"ZCTA5 12858, New York",288
616,8710000US3613335,"ZCTA5 13335, New York",686
617,8710000US3613810,"ZCTA5 13810, New York",661
618,8710000US3613863,"ZCTA5 13863, New York",366
619,8710000US3612855,"ZCTA5 12855, New York",300
620,8710000US3614037,"ZCTA5 14037, New York",479
621,8710000US3612071,"ZCTA5 12071, New York",163
622,8710000US3614054,"ZCTA5 14054, New York",539
623,8710000US3614169,"ZCTA5 14169, New York",71
624,8710000US3612542,"ZCTA5 12542, New York",2436
625,8710000US3610462,"ZCTA5 10462, New York",31331
626,8710000US3610031,"ZCTA5 10031, New York",22604
627,8710000US3612490,"ZCTA5 12490, New York",64
628,8710000US3614545,"ZCTA5 14545, New York",78
629,8710000US3610526,"ZCTA5 10526, New York",729
630,8710000US3612822,"ZCTA5 12822, New York",3110
631,8710000US3613308,"ZCTA5 13308, New York",1627
632,8710000US3610970,"ZCTA5 10970, New York",3918
633,8710000US3614894,"ZCTA5 14894, New York",612
634,8710000US3612036,"ZCTA5 12036, New York",154
635,8710000US3613651,"ZCTA5 13651, New York",194
636,8710000US3613681,"ZCTA5 13681, New York",369
637,8710000US3613082,"ZCTA5 13082, New York",2099
638,8710000US3613140,"ZCTA5 13140, New York",1957
639,8710000US3612754,"ZCTA5 12754, New York",3915
640,8710000US3611435,"ZCTA5 11435, New York",18963
641,8710000US3611237,"ZCTA5 11237, New York",16724
642,8710000US3612530,"ZCTA5 12530, New York",65
643,8710000US3610039,"ZCTA5 10039, New York",10868
644,8710000US3614048,"ZCTA5 14048, New York",7365
645,8710000US3612452,"ZCTA5 12452, New York",207
646,8710000US3613502,"ZCTA5 13502, New York",15249
647,8710000US3613652,"ZCTA5 13652, New York",973
648,8710000US3613775,"ZCTA5 13775, New York",983
649,8710000US3614519,"ZCTA5 14519, New York",4709
650,8710000US3611370,"ZCTA5 11370, New York",10244
651,8710000US3613204,"ZCTA5 13204, New York",9681
652,8710000US3614864,"ZCTA5 14864, New York",595
653,8710000US3614536,"ZCTA5 14536, New York",321
654,8710000US3610004,"ZCTA5 10004, New York",2197
655,8710000US3613801,"ZCTA5 13801, New York",977
656,8710000US3613666,"ZCTA5 13666, New York",184
657,8710000US3614201,"ZCTA5 14201, New York",6991
658,8710000US3610458,"ZCTA5 10458, New York",27806
659,8710000US3611001,"ZCTA5 11001, New York",9598
660,8710000US3612752,"ZCTA5 12752, New York",248
661,8710000US3614706,"ZCTA5 14706, New York",2807
662,8710000US3611211,"ZCTA5 11211, New York",37180
663,8710000US3612118,"ZCTA5 12118, New York",6296
664,8710000US3611367,"ZCTA5 11367, New York",15588
665,8710000US3612474,"ZCTA5 12474, New York",943
666,8710000US3612007,"ZCTA5 12007, New York",28
667,8710000US3613440,"ZCTA5 13440, New York",18723
668,8710000US3614261,"ZCTA5 14261, New York",2
669,8710000US3611755,"ZCTA5 11755, New York",4336
670,8710000US3612522,"ZCTA5 12522, New York",2369
671,8710000US3611412,"ZCTA5 11412, New York",11526
672,8710000US3611767,"ZCTA5 11767, New York",4938
673,8710000US3611792,"ZCTA5 11792, New York",3240
674,8710000US3610580,"ZCTA5 10580, New York",6475
675,8710000US3613794,"ZCTA5 13794, New York",47
676,8710000US3614760,"ZCTA5 14760, New York",9266
677,8710000US3614845,"ZCTA5 14845, New York",8939
678,8710000US3610576,"ZCTA5 10576, New York",2118
679,8710000US3612443,"ZCTA5 12443, New York",1719
680,8710000US3612837,"ZCTA5 12837, New York",367
681,8710000US3612548,"ZCTA5 12548, New York",597
682,8710000US3613832,"ZCTA5 13832, New York",342
683,8710000US3613661,"ZCTA5 13661, New York",1114
684,8710000US3614062,"ZCTA5 14062, New York",1547
685,8710000US3612054,"ZCTA5 12054, New York",7144
686,8710000US3612189,"ZCTA5 12189, New York",9032
687,8710000US3612950,"ZCTA5 12950, New York",425
688,8710000US3613478,"ZCTA5 13478, New York",1286
689,8710000US3611236,"ZCTA5 11236, New York",33313
690,8710000US3613614,"ZCTA5 13614, New York",171
691,8710000US3611379,"ZCTA5 11379, New York",14649
692,8710000US3611414,"ZCTA5 11414, New York",11330
693,8710000US3612108,"ZCTA5 12108, New York",940
694,8710000US3614004,"ZCTA5 14004, New York",4290
695,8710000US3613755,"ZCTA5 13755, New York",937
696,8710000US3610119,"ZCTA5 10119, New York",0
697,8710000US3613687,"ZCTA5 13687, New York",676
698,8710000US3610459,"ZCTA5 10459, New York",16496
699,8710000US3613646,"ZCTA5 13646, New York",2720
700,8710000US3612182,"ZCTA5 12182, New York",6900
701,8710000US3614068,"ZCTA5 14068, New York",2991
702,8710000US3614701,"ZCTA5 14701, New York",19132
703,8710000US3612110,"ZCTA5 12110, New York",7973
704,8710000US3613477,"ZCTA5 13477, New York",593
705,8710000US3614754,"ZCTA5 14754, New York",366
706,8710000US3614105,"ZCTA5 14105, New York",1954
707,8710000US3614819,"ZCTA5 14819, New York",401
708,8710000US3610174,"ZCTA5 10174, New York",0
709,8710000US3610467,"ZCTA5 10467, New York",37432
710,8710000US3610975,"ZCTA5 10975, New York",173
711,8710000US3612571,"ZCTA5 12571, New York",4548
712,8710000US3613146,"ZCTA5 13146, New York",960
713,8710000US3613806,"ZCTA5 13806, New York",111
714,8710000US3611964,"ZCTA5 11964, New York",1922
715,8710000US3614728,"ZCTA5 14728, New York",962
716,8710000US3610024,"ZCTA5 10024, New York",33952
717,8710000US3612996,"ZCTA5 12996, New York",1650
718,8710000US3613739,"ZCTA5 13739, New York",642
719,8710000US3613642,"ZCTA5 13642, New York",4159
720,8710000US3614752,"ZCTA5 14752, New York",173
721,8710000US3614788,"ZCTA5 14788, New York",67
722,8710000US3611710,"ZCTA5 11710, New York",12080
723,8710000US3612835,"ZCTA5 12835, New York",2865
724,8710000US3613163,"ZCTA5 13163, New York",146
725,8710000US3611232,"ZCTA5 11232, New York",8980
726,8710000US3612167,"ZCTA5 12167, New York",1506
727,8710000US3613063,"ZCTA5 13063, New York",719
728,8710000US3613662,"ZCTA5 13662, New York",7608
729,8710000US3612047,"ZCTA5 12047, New York",9738
730,8710000US3613846,"ZCTA5 13846, New York",167
731,8710000US3611934,"ZCTA5 11934, New York",2599
732,8710000US3612064,"ZCTA5 12064, New York",333
733,8710000US3612085,"ZCTA5 12085, New York",203
734,8710000US3610014,"ZCTA5 10014, New York",21689
735,8710000US3613835,"ZCTA5 13835, New York",715
736,8710000US3611598,"ZCTA5 11598, New York",4322
737,8710000US3612094,"ZCTA5 12094, New York",913
738,8710000US3614209,"ZCTA5 14209, New York",4683
739,8710000US3614428,"ZCTA5 14428, New York",3280
740,8710000US3610963,"ZCTA5 10963, New York",969
741,8710000US3613691,"ZCTA5 13691, New York",1709
742,8710000US3610950,"ZCTA5 10950, New York",14106
743,8710000US3614042,"ZCTA5 14042, New York",1945
744,8710000US3614877,"ZCTA5 14877, New York",341
745,8710000US3610514,"ZCTA5 10514, New York",4033
746,8710000US3614809,"ZCTA5 14809, New York",1249
747,8710000US3612463,"ZCTA5 12463, New York",825
748,8710000US3612738,"ZCTA5 12738, New York",189
749,8710000US3613224,"ZCTA5 13224, New York",3968
750,8710000US3614471,"ZCTA5 14471, New York",1965
751,8710000US3610910,"ZCTA5 10910, New York",17
752,8710000US3612838,"ZCTA5 12838, New York",262
753,8710000US3612952,"ZCTA5 12952, New York",392
754,8710000US3613113,"ZCTA5 13113, New York",103
755,8710000US3612037,"ZCTA5 12037, New York",2106
756,8710000US3612410,"ZCTA5 12410, New York",426
757,8710000US3610710,"ZCTA5 10710, New York",10464
758,8710000US3610918,"ZCTA5 10918, New York",4254
759,8710000US3611421,"ZCTA5 11421, New York",12695
760,8710000US3613037,"ZCTA5 13037, New York",3727
761,8710000US3613694,"ZCTA5 13694, New York",777
762,8710000US3610153,"ZCTA5 10153, New York",0
763,8710000US3612438,"ZCTA5 12438, New York",44
764,8710000US3614219,"ZCTA5 14219, New York",5416
765,8710000US3614825,"ZCTA5 14825, New York",373
766,8710000US3611766,"ZCTA5 11766, New York",4444
767,8710000US3612302,"ZCTA5 12302, New York",11968
768,8710000US3612144,"ZCTA5 12144, New York",9474
769,8710000US3614823,"ZCTA5 14823, New York",1915
770,8710000US3614903,"ZCTA5 14903, New York",3440
771,8710000US3612195,"ZCTA5 12195, New York",96
772,8710000US3612803,"ZCTA5 12803, New York",3272
773,8710000US3612485,"ZCTA5 12485, New York",910
774,8710000US3613751,"ZCTA5 13751, New York",84
775,8710000US3614422,"ZCTA5 14422, New York",1004
776,8710000US3613207,"ZCTA5 13207, New York",6070
777,8710000US3612941,"ZCTA5 12941, New York",941
778,8710000US3612720,"ZCTA5 12720, New York",151
779,8710000US3612819,"ZCTA5 12819, New York",247
780,8710000US3613435,"ZCTA5 13435, New York",126
781,8710000US3611794,"ZCTA5 11794, New York",0
782,8710000US3610069,"ZCTA5 10069, New York",3146
783,8710000US3612156,"ZCTA5 12156, New York",379
784,8710000US3613165,"ZCTA5 13165, New York",4640
785,8710000US3614212,"ZCTA5 14212, New York",6614
786,8710000US3612151,"ZCTA5 12151, New York",358
787,8710000US3612566,"ZCTA5 12566, New York",4322
788,8710000US3613669,"ZCTA5 13669, New York",7202
789,8710000US3610927,"ZCTA5 10927, New York",3598
790,8710000US3614513,"ZCTA5 14513, New York",6073
791,8710000US3611362,"ZCTA5 11362, New York",7347
792,8710000US3614134,"ZCTA5 14134, New York",45
793,8710000US3612872,"ZCTA5 12872, New York",60
794,8710000US3613064,"ZCTA5 13064, New York",122
795,8710000US3613654,"ZCTA5 13654, New York",1062
796,8710000US3614753,"ZCTA5 14753, New York",573
797,8710000US3610605,"ZCTA5 10605, New York",7508
798,8710000US3611428,"ZCTA5 11428, New York",5780
799,8710000US3610506,"ZCTA5 10506, New York",2139
800,8710000US3614485,"ZCTA5 14485, New York",1792
801,8710000US3612534,"ZCTA5 12534, New York",8716
802,8710000US3613134,"ZCTA5 13134, New York",51
803,8710000US3612811,"ZCTA5 12811, New York",65
804,8710000US3613164,"ZCTA5 13164, New York",852
805,8710000US3610545,"ZCTA5 10545, New York",1
806,8710000US3613833,"ZCTA5 13833, New York",1797
807,8710000US3611221,"ZCTA5 11221, New York",31784
808,8710000US3614416,"ZCTA5 14416, New York",1568
809,8710000US3610023,"ZCTA5 10023, New York",39402
810,8710000US3612766,"ZCTA5 12766, New York",296
811,8710000US3614710,"ZCTA5 14710, New York",2297
812,8710000US3613029,"ZCTA5 13029, New York",2999
813,8710000US3613126,"ZCTA5 13126, New York",15047
814,8710000US3614529,"ZCTA5 14529, New York",33
815,8710000US3612471,"ZCTA5 12471, New York",114
816,8710000US3613452,"ZCTA5 13452, New York",2096
817,8710000US3610703,"ZCTA5 10703, New York",8007
818,8710000US3612063,"ZCTA5 12063, New York",176
819,8710000US3612921,"ZCTA5 12921, New York",1194
820,8710000US3613685,"ZCTA5 13685, New York",1548
821,8710000US3614843,"ZCTA5 14843, New York",6231
822,8710000US3613850,"ZCTA5 13850, New York",9479
823,8710000US3610913,"ZCTA5 10913, New York",1635
824,8710000US3612927,"ZCTA5 12927, New York",580
825,8710000US3613902,"ZCTA5 13902, New York",0
826,8710000US3614897,"ZCTA5 14897, New York",439
827,8710000US3610103,"ZCTA5 10103, New York",0
828,8710000US3610168,"ZCTA5 10168, New York",0
829,8710000US3610994,"ZCTA5 10994, New York",2375
830,8710000US3612207,"ZCTA5 12207, New York",1122
831,8710000US3614216,"ZCTA5 14216, New York",11740
832,8710000US3610018,"ZCTA5 10018, New York",4425
833,8710000US3612414,"ZCTA5 12414, New York",5404
834,8710000US3612441,"ZCTA5 12441, New York",188
835,8710000US3613066,"ZCTA5 13066, New York",5551
836,8710000US3611207,"ZCTA5 11207, New York",34202
837,8710000US3613637,"ZCTA5 13637, New York",1832
838,8710000US3611415,"ZCTA5 11415, New York",9206
839,8710000US3611795,"ZCTA5 11795, New York",8526
840,8710000US3613350,"ZCTA5 13350, New York",4568
841,8710000US3612424,"ZCTA5 12424, New York",365
842,8710000US3612491,"ZCTA5 12491, New York",815
843,8710000US3613667,"ZCTA5 13667, New York",1404
844,8710000US3610520,"ZCTA5 10520, New York",5540
845,8710000US3612528,"ZCTA5 12528, New York",5454
846,8710000US3613606,"ZCTA5 13606, New York",1093
847,8710000US3610282,"ZCTA5 10282, New York",2484
848,8710000US3614893,"ZCTA5 14893, New York",27
849,8710000US3612031,"ZCTA5 12031, New York",76
850,8710000US3614059,"ZCTA5 14059, New York",3716
851,8710000US3611419,"ZCTA5 11419, New York",13454
852,8710000US3612187,"ZCTA5 12187, New York",393
853,8710000US3614108,"ZCTA5 14108, New York",2374
854,8710000US3611433,"ZCTA5 11433, New York",11483
855,8710000US3612726,"ZCTA5 12726, New York",811
856,8710000US3612841,"ZCTA5 12841, New York",326
857,8710000US3614414,"ZCTA5 14414, New York",3093
858,8710000US3614423,"ZCTA5 14423, New York",2019
859,8710000US3614804,"ZCTA5 14804, New York",880
860,8710000US3611020,"ZCTA5 11020, New York",1966
861,8710000US3614210,"ZCTA5 14210, New York",7328
862,8710000US3611754,"ZCTA5 11754, New York",6975
863,8710000US3612945,"ZCTA5 12945, New York",611
864,8710000US3614012,"ZCTA5 14012, New York",1036
865,8710000US3614878,"ZCTA5 14878, New York",430
866,8710000US3614173,"ZCTA5 14173, New York",193
867,8710000US3611722,"ZCTA5 11722, New York",10158
868,8710000US3612851,"ZCTA5 12851, New York",350
869,8710000US3610033,"ZCTA5 10033, New York",20116
870,8710000US3610597,"ZCTA5 10597, New York",395
871,8710000US3614778,"ZCTA5 14778, New York",2
872,8710000US3614836,"ZCTA5 14836, New York",558
873,8710000US3613865,"ZCTA5 13865, New York",3070
874,8710000US3613090,"ZCTA5 13090, New York",12364
875,8710000US3612561,"ZCTA5 12561, New York",6733
876,8710000US3612974,"ZCTA5 12974, New York",838
877,8710000US3611238,"ZCTA5 11238, New York",24525
878,8710000US3611776,"ZCTA5 11776, New York",8606
879,8710000US3611798,"ZCTA5 11798, New York",4168
880,8710000US3612051,"ZCTA5 12051, New York",2115
881,8710000US3612527,"ZCTA5 12527, New York",62
882,8710000US3610901,"ZCTA5 10901, New York",9391
883,8710000US3611235,"ZCTA5 11235, New York",37619
884,8710000US3613304,"ZCTA5 13304, New York",764
885,8710000US3614047,"ZCTA5 14047, New York",2757
886,8710000US3613647,"ZCTA5 13647, New York",32
887,8710000US3612986,"ZCTA5 12986, New York",3741
888,8710000US3614072,"ZCTA5 14072, New York",8273
889,8710000US3612305,"ZCTA5 12305, New York",3100
890,8710000US3614549,"ZCTA5 14549, New York",52
891,8710000US3612920,"ZCTA5 12920, New York",1544
892,8710000US3613045,"ZCTA5 13045, New York",12112
893,8710000US3613795,"ZCTA5 13795, New York",1618
894,8710000US3612572,"ZCTA5 12572, New York",4376
895,8710000US3613102,"ZCTA5 13102, New York",42
896,8710000US3611501,"ZCTA5 11501, New York",7841
897,8710000US3614872,"ZCTA5 14872, New York",283
898,8710000US3611363,"ZCTA5 11363, New York",2797
899,8710000US3611566,"ZCTA5 11566, New York",12070
900,8710000US3610530,"ZCTA5 10530, New York",6169
901,8710000US3613636,"ZCTA5 13636, New York",112
902,8710000US3611782,"ZCTA5 11782, New York",7012
903,8710000US3610472,"ZCTA5 10472, New York",23386
904,8710000US3613417,"ZCTA5 13417, New York",1851
905,8710000US3614170,"ZCTA5 14170, New York",974
906,8710000US3612719,"ZCTA5 12719, New York",738
907,8710000US3612033,"ZCTA5 12033, New York",3283
908,8710000US3614066,"ZCTA5 14066, New York",617
909,8710000US3614585,"ZCTA5 14585, New York",74
910,8710000US3614781,"ZCTA5 14781, New York",989
911,8710000US3614821,"ZCTA5 14821, New York",1394
912,8710000US3610002,"ZCTA5 10002, New York",34541
913,8710000US3612411,"ZCTA5 12411, New York",239
914,8710000US3612734,"ZCTA5 12734, New York",555
915,8710000US3612863,"ZCTA5 12863, New York",247
916,8710000US3612969,"ZCTA5 12969, New York",549
917,8710000US3613733,"ZCTA5 13733, New York",2552
918,8710000US3610454,"ZCTA5 10454, New York",12772
919,8710000US3611743,"ZCTA5 11743, New York",15896
920,8710000US3610279,"ZCTA5 10279, New York",0
921,8710000US3611418,"ZCTA5 11418, New York",11854
922,8710000US3611978,"ZCTA5 11978, New York",3879
923,8710000US3613143,"ZCTA5 13143, New York",1199
924,8710000US3614733,"ZCTA5 14733, New York",1804
925,8710000US3613333,"ZCTA5 13333, New York",30
926,8710000US3611215,"ZCTA5 11215, New York",30073
927,8710000US3611351,"ZCTA5 11351, New York",0
928,8710000US3614892,"ZCTA5 14892, New York",3609
929,8710000US3611967,"ZCTA5 11967, New York",8628
930,8710000US3611360,"ZCTA5 11360, New York",9308
931,8710000US3611554,"ZCTA5 11554, New York",12863
932,8710000US3613615,"ZCTA5 13615, New York",520
933,8710000US3610705,"ZCTA5 10705, New York",14554
934,8710000US3612089,"ZCTA5 12089, New York",36
935,8710000US3613210,"ZCTA5 13210, New York",8905
936,8710000US3614204,"ZCTA5 14204, New York",5000
937,8710000US3610312,"ZCTA5 10312, New York",22155
938,8710000US3611212,"ZCTA5 11212, New York",31847
939,8710000US3613024,"ZCTA5 13024, New York",0
940,8710000US3613406,"ZCTA5 13406, New York",338
941,8710000US3614020,"ZCTA5 14020, New York",10303
942,8710000US3610170,"ZCTA5 10170, New York",0
943,8710000US3611772,"ZCTA5 11772, New York",17725
944,8710000US3611944,"ZCTA5 11944, New York",2812
945,8710000US3611955,"ZCTA5 11955, New York",1707
946,8710000US3612775,"ZCTA5 12775, New York",1557
947,8710000US3613483,"ZCTA5 13483, New York",118
948,8710000US3610919,"ZCTA5 10919, New York",380
949,8710000US3611214,"ZCTA5 11214, New York",35261
950,8710000US3612008,"ZCTA5 12008, New York",195
951,8710000US3612427,"ZCTA5 12427, New York",378
952,8710000US3613340,"ZCTA5 13340, New York",3499
953,8710000US3611933,"ZCTA5 11933, New York",3577
954,8710000US3612533,"ZCTA5 12533, New York",9222
955,8710000US3614418,"ZCTA5 14418, New York",966
956,8710000US3611570,"ZCTA5 11570, New York",10453
957,8710000US3612158,"ZCTA5 12158, New York",2579
958,8710000US3613203,"ZCTA5 13203, New York",8328
959,8710000US3614805,"ZCTA5 14805, New York",527
960,8710000US3610003,"ZCTA5 10003, New York",31078
961,8710000US3611216,"ZCTA5 11216, New York",25964
962,8710000US3612093,"ZCTA5 12093, New York",1265
963,8710000US3610528,"ZCTA5 10528, New York",4885
964,8710000US3611024,"ZCTA5 11024, New York",2389
965,8710000US3612024,"ZCTA5 12024, New York",26
966,8710000US3614622,"ZCTA5 14622, New York",5750
967,8710000US3611357,"ZCTA5 11357, New York",15924
968,8710000US3613676,"ZCTA5 13676, New York",5879
969,8710000US3611223,"ZCTA5 11223, New York",32407
970,8710000US3610577,"ZCTA5 10577, New York",855
971,8710000US3611803,"ZCTA5 11803, New York",9917
972,8710000US3613456,"ZCTA5 13456, New York",1733
973,8710000US3613115,"ZCTA5 13115, New York",99
974,8710000US3614476,"ZCTA5 14476, New York",974
975,8710000US3614784,"ZCTA5 14784, New York",546
976,8710000US3610998,"ZCTA5 10998, New York",1064
977,8710000US3612466,"ZCTA5 12466, New York",1183
978,8710000US3613054,"ZCTA5 13054, New York",633
979,8710000US3612483,"ZCTA5 12483, New York",298
980,8710000US3612791,"ZCTA5 12791, New York",417
981,8710000US3614215,"ZCTA5 14215, New York",18275
982,8710000US3610199,"ZCTA5 10199, New York",1
983,8710000US3611693,"ZCTA5 11693, New York",5170
984,8710000US3612139,"ZCTA5 12139, New York",704
985,8710000US3610303,"ZCTA5 10303, New York",8811
986,8710000US3610603,"ZCTA5 10603, New York",7070
987,8710000US3610984,"ZCTA5 10984, New York",944
988,8710000US3612060,"ZCTA5 12060, New York",874
989,8710000US3612420,"ZCTA5 12420, New York",220
990,8710000US3610111,"ZCTA5 10111, New York",0
991,8710000US3612132,"ZCTA5 12132, New York",172
992,8710000US3612762,"ZCTA5 12762, New York",279
993,8710000US3612737,"ZCTA5 12737, New York",1242
994,8710000US3613145,"ZCTA5 13145, New York",1238
995,8710000US3614223,"ZCTA5 14223, New York",10241
996,8710000US3612143,"ZCTA5 12143, New York",2282
997,8710000US3612901,"ZCTA5 12901, New York",14456
998,8710000US3613348,"ZCTA5 13348, New York",760
999,8710000US3614063,"ZCTA5 14063, New York",5761
1000,8710000US3614592,"ZCTA5 14592, New York",43
1001,8710000US3611959,"ZCTA5 11959, New York",1495
1002,8710000US3612419,"ZCTA5 12419, New York",325
1003,8710000US3612028,"ZCTA5 12028, New York",488
1004,8710000US3612520,"ZCTA5 12520, New York",1311
1005,8710000US3612885,"ZCTA5 12885, New York",2463
1006,8710000US3613842,"ZCTA5 13842, New York",308
1007,8710000US3610538,"ZCTA5 10538, New York",6477
1008,8710000US3612758,"ZCTA5 12758, New York",2902
1009,8710000US3614305,"ZCTA5 14305, New York",8139
1010,8710000US3611205,"ZCTA5 11205, New York",16409
1011,8710000US3611777,"ZCTA5 11777, New York",3732
1012,8710000US3613290,"ZCTA5 13290, New York",0
1013,8710000US3611509,"ZCTA5 11509, New York",1394
1014,8710000US3614526,"ZCTA5 14526, New York",8308
1015,8710000US3610928,"ZCTA5 10928, New York",1934
1016,8710000US3611577,"ZCTA5 11577, New York",4441
1017,8710000US3611801,"ZCTA5 11801, New York",13127
1018,8710000US3612547,"ZCTA5 12547, New York",1174
1019,8710000US3612781,"ZCTA5 12781, New York",168
1020,8710000US3611422,"ZCTA5 11422, New York",9900
1021,8710000US3613864,"ZCTA5 13864, New York",560
1022,8710000US3614756,"ZCTA5 14756, New York",136
1023,8710000US3611935,"ZCTA5 11935, New York",2069
1024,8710000US3614480,"ZCTA5 14480, New York",455
1025,8710000US3612856,"ZCTA5 12856, New York",261
1026,8710000US3614747,"ZCTA5 14747, New York",1066
1027,8710000US3614859,"ZCTA5 14859, New York",485
1028,8710000US3610110,"ZCTA5 10110, New York",0
1029,8710000US3611962,"ZCTA5 11962, New York",813
1030,8710000US3612188,"ZCTA5 12188, New York",4947
1031,8710000US3613354,"ZCTA5 13354, New York",1369
1032,8710000US3612926,"ZCTA5 12926, New York",999
1033,8710000US3614028,"ZCTA5 14028, New York",751
1034,8710000US3613312,"ZCTA5 13312, New York",714
1035,8710000US3614548,"ZCTA5 14548, New York",1750
1036,8710000US3610468,"ZCTA5 10468, New York",26178
1037,8710000US3611356,"ZCTA5 11356, New York",8303
1038,8710000US3613410,"ZCTA5 13410, New York",108
1039,8710000US3612040,"ZCTA5 12040, New York",60
1040,8710000US3611952,"ZCTA5 11952, New York",2685
1041,8710000US3612493,"ZCTA5 12493, New York",233
1042,8710000US3614614,"ZCTA5 14614, New York",76
1043,8710000US3610037,"ZCTA5 10037, New York",9451
1044,8710000US3610507,"ZCTA5 10507, New York",2209
1045,8710000US3613305,"ZCTA5 13305, New York",111
1046,8710000US3612964,"ZCTA5 12964, New York",140
1047,8710000US3612222,"ZCTA5 12222, New York",0
1048,8710000US3612910,"ZCTA5 12910, New York",874
1049,8710000US3614510,"ZCTA5 14510, New York",2215
1050,8710000US3614544,"ZCTA5 14544, New York",1117
1051,8710000US3611946,"ZCTA5 11946, New York",8176
1052,8710000US3613338,"ZCTA5 13338, New York",1567
1053,8710000US3614617,"ZCTA5 14617, New York",9897
1054,8710000US3613343,"ZCTA5 13343, New York",1164
1055,8710000US3613408,"ZCTA5 13408, New York",1188
1056,8710000US3611796,"ZCTA5 11796, New York",1363
1057,8710000US3613114,"ZCTA5 13114, New York",2848
1058,8710000US3612125,"ZCTA5 12125, New York",763
1059,8710000US3612930,"ZCTA5 12930, New York",367
1060,8710000US3614820,"ZCTA5 14820, New York",358
1061,8710000US3610016,"ZCTA5 10016, New York",35617
1062,8710000US3611377,"ZCTA5 11377, New York",33545
1063,8710000US3612176,"ZCTA5 12176, New York",102
1064,8710000US3612194,"ZCTA5 12194, New York",138
1065,8710000US3612973,"ZCTA5 12973, New York",136
1066,8710000US3611369,"ZCTA5 11369, New York",12184
1067,8710000US3611780,"ZCTA5 11780, New York",5586
1068,8710000US3612733,"ZCTA5 12733, New York",710
1069,8710000US3613786,"ZCTA5 13786, New York",339
1070,8710000US3614525,"ZCTA5 14525, New York",1137
1071,8710000US3613613,"ZCTA5 13613, New York",1224
1072,8710000US3610035,"ZCTA5 10035, New York",13935
1073,8710000US3612202,"ZCTA5 12202, New York",5207
1074,8710000US3612780,"ZCTA5 12780, New York",1102
1075,8710000US3614775,"ZCTA5 14775, New York",1306
1076,8710000US3611738,"ZCTA5 11738, New York",5610
1077,8710000US3610075,"ZCTA5 10075, New York",16493
1078,8710000US3613825,"ZCTA5 13825, New York",1673
1079,8710000US3614724,"ZCTA5 14724, New York",1508
1080,8710000US3612457,"ZCTA5 12457, New York",553
1081,8710000US3612980,"ZCTA5 12980, New York",1259
1082,8710000US3612303,"ZCTA5 12303, New York",12927
1083,8710000US3613084,"ZCTA5 13084, New York",1876
1084,8710000US3614801,"ZCTA5 14801, New York",2522
1085,8710000US3614466,"ZCTA5 14466, New York",734
1086,8710000US3610503,"ZCTA5 10503, New York",84
1087,8710000US3612585,"ZCTA5 12585, New York",335
1088,8710000US3613643,"ZCTA5 13643, New York",11
1089,8710000US3614623,"ZCTA5 14623, New York",10169
1090,8710000US3611720,"ZCTA5 11720, New York",9581
1091,8710000US3611764,"ZCTA5 11764, New York",4393
1092,8710000US3613638,"ZCTA5 13638, New York",164
1093,8710000US3614477,"ZCTA5 14477, New York",829
1094,8710000US3614613,"ZCTA5 14613, New York",6146
1095,8710000US3610511,"ZCTA5 10511, New York",943
1096,8710000US3611368,"ZCTA5 11368, New York",30978
1097,8710000US3613317,"ZCTA5 13317, New York",1722
1098,8710000US3613748,"ZCTA5 13748, New York",1657
1099,8710000US3614058,"ZCTA5 14058, New York",899
1100,8710000US3614748,"ZCTA5 14748, New York",368
1101,8710000US3611942,"ZCTA5 11942, New York",2948
1102,8710000US3612496,"ZCTA5 12496, New York",2198
1103,8710000US3613668,"ZCTA5 13668, New York",1463
1104,8710000US3614092,"ZCTA5 14092, New York",5033
1105,8710000US3614855,"ZCTA5 14855, New York",362
1106,8710000US3611385,"ZCTA5 11385, New York",37251
1107,8710000US3612072,"ZCTA5 12072, New York",1155
1108,8710000US3614132,"ZCTA5 14132, New York",2451
1109,8710000US3611424,"ZCTA5 11424, New York",0
1110,8710000US3611956,"ZCTA5 11956, New York",308
1111,8710000US3612161,"ZCTA5 12161, New York",65
1112,8710000US3611957,"ZCTA5 11957, New York",772
1113,8710000US3611229,"ZCTA5 11229, New York",34885
1114,8710000US3613673,"ZCTA5 13673, New York",934
1115,8710000US3614011,"ZCTA5 14011, New York",2633
1116,8710000US3614901,"ZCTA5 14901, New York",6617
1117,8710000US3610803,"ZCTA5 10803, New York",4498
1118,8710000US3610915,"ZCTA5 10915, New York",47
1119,8710000US3612432,"ZCTA5 12432, New York",216
1120,8710000US3612578,"ZCTA5 12578, New York",979
1121,8710000US3613052,"ZCTA5 13052, New York",1104
1122,8710000US3613809,"ZCTA5 13809, New York",761
1123,8710000US3611556,"ZCTA5 11556, New York",0
1124,8710000US3610916,"ZCTA5 10916, New York",1500
1125,8710000US3611230,"ZCTA5 11230, New York",34028
1126,8710000US3611224,"ZCTA5 11224, New York",20768
1127,8710000US3613153,"ZCTA5 13153, New York",167
1128,8710000US3610309,"ZCTA5 10309, New York",11686
1129,8710000US3613623,"ZCTA5 13623, New York",91
1130,8710000US3614803,"ZCTA5 14803, New York",609
1131,8710000US3613088,"ZCTA5 13088, New York",10664
1132,8710000US3614735,"ZCTA5 14735, New York",1555
1133,8710000US3610455,"ZCTA5 10455, New York",13851
1134,8710000US3613092,"ZCTA5 13092, New York",1097
1135,8710000US3614839,"ZCTA5 14839, New York",491
1136,8710000US3612454,"ZCTA5 12454, New York",280
1137,8710000US3612531,"ZCTA5 12531, New York",1450
1138,8710000US3612828,"ZCTA5 12828, New York",3921
1139,8710000US3613612,"ZCTA5 13612, New York",1197
1140,8710000US3614580,"ZCTA5 14580, New York",21001
1141,8710000US3611975,"ZCTA5 11975, New York",609
1142,8710000US3612787,"ZCTA5 12787, New York",256
1143,8710000US3611971,"ZCTA5 11971, New York",4051
1144,8710000US3612401,"ZCTA5 12401, New York",16382
1145,8710000US3612831,"ZCTA5 12831, New York",6748
1146,8710000US3612914,"ZCTA5 12914, New York",421
1147,8710000US3611970,"ZCTA5 11970, New York",513
1148,8710000US3612564,"ZCTA5 12564, New York",3052
1149,8710000US3612812,"ZCTA5 12812, New York",324
1150,8710000US3612440,"ZCTA5 12440, New York",1050
1151,8710000US3613332,"ZCTA5 13332, New York",1149
1152,8710000US3612407,"ZCTA5 12407, New York",156
1153,8710000US3612911,"ZCTA5 12911, New York",19
1154,8710000US3612603,"ZCTA5 12603, New York",16411
1155,8710000US3613152,"ZCTA5 13152, New York",4281
1156,8710000US3611705,"ZCTA5 11705, New York",2944
1157,8710000US3613407,"ZCTA5 13407, New York",2451
1158,8710000US3612481,"ZCTA5 12481, New York",704
1159,8710000US3610502,"ZCTA5 10502, New York",1973
1160,8710000US3612433,"ZCTA5 12433, New York",290
1161,8710000US3614217,"ZCTA5 14217, New York",11384
1162,8710000US3612164,"ZCTA5 12164, New York",572
1163,8710000US3612451,"ZCTA5 12451, New York",898
1164,8710000US3611691,"ZCTA5 11691, New York",21160
1165,8710000US3613363,"ZCTA5 13363, New York",999
1166,8710000US3614207,"ZCTA5 14207, New York",11053
1167,8710000US3614881,"ZCTA5 14881, New York",111
1168,8710000US3612406,"ZCTA5 12406, New York",719
1169,8710000US3612529,"ZCTA5 12529, New York",1908
1170,8710000US3612721,"ZCTA5 12721, New York",2756
1171,8710000US3613640,"ZCTA5 13640, New York",923
1172,8710000US3613732,"ZCTA5 13732, New York",3291
1173,8710000US3613750,"ZCTA5 13750, New York",640
1174,8710000US3612817,"ZCTA5 12817, New York",2164
1175,8710000US3614214,"ZCTA5 14214, New York",9142
1176,8710000US3610278,"ZCTA5 10278, New York",0
1177,8710000US3612211,"ZCTA5 12211, New York",4549
1178,8710000US3612604,"ZCTA5 12604, New York",2
1179,8710000US3613605,"ZCTA5 13605, New York",2279
1180,8710000US3614055,"ZCTA5 14055, New York",609
1181,8710000US3610983,"ZCTA5 10983, New York",1967
1182,8710000US3611701,"ZCTA5 11701, New York",9831
1183,8710000US3612025,"ZCTA5 12025, New York",3062
1184,8710000US3612763,"ZCTA5 12763, New York",699
1185,8710000US3613342,"ZCTA5 13342, New York",88
1186,8710000US3613436,"ZCTA5 13436, New York",582
1187,8710000US3614895,"ZCTA5 14895, New York",4943
1188,8710000US3612512,"ZCTA5 12512, New York",71
1189,8710000US3613491,"ZCTA5 13491, New York",1607
1190,8710000US3614504,"ZCTA5 14504, New York",771
1191,8710000US3611980,"ZCTA5 11980, New York",1646
1192,8710000US3612580,"ZCTA5 12580, New York",1844
1193,8710000US3613021,"ZCTA5 13021, New York",18525
1194,8710000US3614517,"ZCTA5 14517, New York",1269
1195,8710000US3612574,"ZCTA5 12574, New York",189
1196,8710000US3610009,"ZCTA5 10009, New York",31709
1197,8710000US3614779,"ZCTA5 14779, New York",3503
1198,8710000US3614608,"ZCTA5 14608, New York",6108
1199,8710000US3610065,"ZCTA5 10065, New York",22754
1200,8710000US3612936,"ZCTA5 12936, New York",539
1201,8710000US3611951,"ZCTA5 11951, New York",5140
1202,8710000US3613847,"ZCTA5 13847, New York",43
1203,8710000US3613624,"ZCTA5 13624, New York",3582
1204,8710000US3612308,"ZCTA5 12308, New York",6588
1205,8710000US3612473,"ZCTA5 12473, New York",476
1206,8710000US3612581,"ZCTA5 12581, New York",1231
1207,8710000US3613454,"ZCTA5 13454, New York",381
1208,8710000US3610475,"ZCTA5 10475, New York",18911
1209,8710000US3614737,"ZCTA5 14737, New York",2653
1210,8710000US3614830,"ZCTA5 14830, New York",9160
1211,8710000US3612417,"ZCTA5 12417, New York",255
1212,8710000US3612494,"ZCTA5 12494, New York",489
1213,8710000US3614837,"ZCTA5 14837, New York",3084
1214,8710000US3614871,"ZCTA5 14871, New York",1938
1215,8710000US3611102,"ZCTA5 11102, New York",15499
1216,8710000US3613159,"ZCTA5 13159, New York",2238
1217,8710000US3612121,"ZCTA5 12121, New York",750
1218,8710000US3613062,"ZCTA5 13062, New York",87
1219,8710000US3613104,"ZCTA5 13104, New York",6296
1220,8710000US3613209,"ZCTA5 13209, New York",6104
1221,8710000US3613033,"ZCTA5 13033, New York",1492
1222,8710000US3614031,"ZCTA5 14031, New York",3854
1223,8710000US3614213,"ZCTA5 14213, New York",11532
1224,8710000US3614889,"ZCTA5 14889, New York",744
1225,8710000US3612847,"ZCTA5 12847, New York",1316
1226,8710000US3612874,"ZCTA5 12874, New York",410
1227,8710000US3613076,"ZCTA5 13076, New York",918
1228,8710000US3613782,"ZCTA5 13782, New York",566
1229,8710000US3613122,"ZCTA5 13122, New York",453
1230,8710000US3610012,"ZCTA5 10012, New York",14633
1231,8710000US3613116,"ZCTA5 13116, New York",1457
1232,8710000US3610590,"ZCTA5 10590, New York",2683
1233,8710000US3611771,"ZCTA5 11771, New York",4078
1234,8710000US3612022,"ZCTA5 12022, New York",494
1235,8710000US3614590,"ZCTA5 14590, New York",3140
1236,8710000US3612983,"ZCTA5 12983, New York",4840
1237,8710000US3612545,"ZCTA5 12545, New York",2431
1238,8710000US3610931,"ZCTA5 10931, New York",381
1239,8710000US3613415,"ZCTA5 13415, New York",50
1240,8710000US3611548,"ZCTA5 11548, New York",446
1241,8710000US3610941,"ZCTA5 10941, New York",5131
1242,8710000US3610965,"ZCTA5 10965, New York",5599
1243,8710000US3611716,"ZCTA5 11716, New York",3925
1244,8710000US3612439,"ZCTA5 12439, New York",448
1245,8710000US3613087,"ZCTA5 13087, New York",102
1246,8710000US3614721,"ZCTA5 14721, New York",145
1247,8710000US3614772,"ZCTA5 14772, New York",1795
1248,8710000US3614802,"ZCTA5 14802, New York",560
1249,8710000US3610173,"ZCTA5 10173, New York",0
1250,8710000US3612569,"ZCTA5 12569, New York",4086
1251,8710000US3613034,"ZCTA5 13034, New York",1089
1252,8710000US3613202,"ZCTA5 13202, New York",2594
1253,8710000US3614856,"ZCTA5 14856, New York",92
1254,8710000US3612307,"ZCTA5 12307, New York",3387
1255,8710000US3612768,"ZCTA5 12768, New York",912
1256,8710000US3612416,"ZCTA5 12416, New York",260
1257,8710000US3614009,"ZCTA5 14009, New York",2757
1258,8710000US3611361,"ZCTA5 11361, New York",11195
1259,8710000US3614842,"ZCTA5 14842, New York",594
1260,8710000US3611203,"ZCTA5 11203, New York",28087
1261,8710000US3613080,"ZCTA5 13080, New York",1772
1262,8710000US3613309,"ZCTA5 13309, New York",2818
1263,8710000US3614826,"ZCTA5 14826, New York",1163
1264,8710000US3614415,"ZCTA5 14415, New York",56
1265,8710000US3614865,"ZCTA5 14865, New York",1232
1266,8710000US3610989,"ZCTA5 10989, New York",3611
1267,8710000US3612480,"ZCTA5 12480, New York",524
1268,8710000US3613820,"ZCTA5 13820, New York",8840
1269,8710000US3611426,"ZCTA5 11426, New York",6389
1270,8710000US3612746,"ZCTA5 12746, New York",400
1271,8710000US3614816,"ZCTA5 14816, New York",207
1272,8710000US3610162,"ZCTA5 10162, New York",824
1273,8710000US3610301,"ZCTA5 10301, New York",16261
1274,8710000US3611204,"ZCTA5 11204, New York",28196
1275,8710000US3612919,"ZCTA5 12919, New York",1514
1276,8710000US3610960,"ZCTA5 10960, New York",6638
1277,8710000US3614425,"ZCTA5 14425, New York",4205
1278,8710000US3611222,"ZCTA5 11222, New York",18756
1279,8710000US3613418,"ZCTA5 13418, New York",106
1280,8710000US3612786,"ZCTA5 12786, New York",811
1281,8710000US3611434,"ZCTA5 11434, New York",21681
1282,8710000US3612155,"ZCTA5 12155, New York",1178
1283,8710000US3612405,"ZCTA5 12405, New York",447
1284,8710000US3610171,"ZCTA5 10171, New York",0
1285,8710000US3613325,"ZCTA5 13325, New York",619
1286,8710000US3612748,"ZCTA5 12748, New York",1160
1287,8710000US3613802,"ZCTA5 13802, New York",284
1288,8710000US3611958,"ZCTA5 11958, New York",454
1289,8710000US3612134,"ZCTA5 12134, New York",2922
1290,8710000US3614033,"ZCTA5 14033, New York",943
1291,8710000US3614040,"ZCTA5 14040, New York",907
1292,8710000US3614224,"ZCTA5 14224, New York",17752
1293,8710000US3613620,"ZCTA5 13620, New York",855
1294,8710000US3613639,"ZCTA5 13639, New York",129
1295,8710000US3610452,"ZCTA5 10452, New York",25866
1296,8710000US3611786,"ZCTA5 11786, New York",2015
1297,8710000US3612422,"ZCTA5 12422, New York",228
1298,8710000US3614112,"ZCTA5 14112, New York",28
1299,8710000US3614712,"ZCTA5 14712, New York",2237
1300,8710000US3611725,"ZCTA5 11725, New York",9883
1301,8710000US3611960,"ZCTA5 11960, New York",963
1302,8710000US3613123,"ZCTA5 13123, New York",170
1303,8710000US3614489,"ZCTA5 14489, New York",3133
1304,8710000US3610034,"ZCTA5 10034, New York",15671
1305,8710000US3610953,"ZCTA5 10953, New York",116
1306,8710000US3611977,"ZCTA5 11977, New York",1610
1307,8710000US3612722,"ZCTA5 12722, New York",77
1308,8710000US3611427,"ZCTA5 11427, New York",7958
1309,8710000US3613480,"ZCTA5 13480, New York",1492
1310,8710000US3611740,"ZCTA5 11740, New York",3517
1311,8710000US3614714,"ZCTA5 14714, New York",300
1312,8710000US3613788,"ZCTA5 13788, New York",656
1313,8710000US3614080,"ZCTA5 14080, New York",1870
1314,8710000US3614620,"ZCTA5 14620, New York",12234
1315,8710000US3610524,"ZCTA5 10524, New York",1771
1316,8710000US3612057,"ZCTA5 12057, New York",792
1317,8710000US3613901,"ZCTA5 13901, New York",9685
1318,8710000US3614127,"ZCTA5 14127, New York",12586
1319,8710000US3614723,"ZCTA5 14723, New York",674
1320,8710000US3611717,"ZCTA5 11717, New York",14217
1321,8710000US3614171,"ZCTA5 14171, New York",1029
1322,8710000US3614475,"ZCTA5 14475, New York",92
1323,8710000US3613036,"ZCTA5 13036, New York",3723
1324,8710000US3613744,"ZCTA5 13744, New York",477
1325,8710000US3610940,"ZCTA5 10940, New York",18800
1326,8710000US3612184,"ZCTA5 12184, New York",3105
1327,8710000US3612785,"ZCTA5 12785, New York",460
1328,8710000US3612834,"ZCTA5 12834, New York",2914
1329,8710000US3610461,"ZCTA5 10461, New York",21127
1330,8710000US3613030,"ZCTA5 13030, New York",1845
1331,8710000US3613416,"ZCTA5 13416, New York",1021
1332,8710000US3613608,"ZCTA5 13608, New York",708
1333,8710000US3614061,"ZCTA5 14061, New York",150
1334,8710000US3614589,"ZCTA5 14589, New York",3561
1335,8710000US3610453,"ZCTA5 10453, New York",27018
1336,8710000US3611703,"ZCTA5 11703, New York",5964
1337,8710000US3610549,"ZCTA5 10549, New York",6305
1338,8710000US3614143,"ZCTA5 14143, New York",546
1339,8710000US3612029,"ZCTA5 12029, New York",783
1340,8710000US3612501,"ZCTA5 12501, New York",1149
1341,8710000US3614070,"ZCTA5 14070, New York",2350
1342,8710000US3612090,"ZCTA5 12090, New York",2803
1343,8710000US3612567,"ZCTA5 12567, New York",1579
1344,8710000US3614085,"ZCTA5 14085, New York",2658
1345,8710000US3614303,"ZCTA5 14303, New York",3599
1346,8710000US3614718,"ZCTA5 14718, New York",1022
1347,8710000US3611791,"ZCTA5 11791, New York",8375
1348,8710000US3612747,"ZCTA5 12747, New York",920
1349,8710000US3612821,"ZCTA5 12821, New York",141
1350,8710000US3610128,"ZCTA5 10128, New York",35240
1351,8710000US3611378,"ZCTA5 11378, New York",13668
1352,8710000US3611565,"ZCTA5 11565, New York",3213
1353,8710000US3613658,"ZCTA5 13658, New York",985
1354,8710000US3614822,"ZCTA5 14822, New York",722
1355,8710000US3611726,"ZCTA5 11726, New York",6355
1356,8710000US3612056,"ZCTA5 12056, New York",955
1357,8710000US3612428,"ZCTA5 12428, New York",3433
1358,8710000US3610922,"ZCTA5 10922, New York",710
1359,8710000US3611788,"ZCTA5 11788, New York",6009
1360,8710000US3612846,"ZCTA5 12846, New York",2106
1361,8710000US3610013,"ZCTA5 10013, New York",13460
1362,8710000US3614824,"ZCTA5 14824, New York",301
1363,8710000US3613433,"ZCTA5 13433, New York",852
1364,8710000US3612546,"ZCTA5 12546, New York",1642
1365,8710000US3613815,"ZCTA5 13815, New York",6554
1366,8710000US3612423,"ZCTA5 12423, New York",722
1367,8710000US3610932,"ZCTA5 10932, New York",27
1368,8710000US3612977,"ZCTA5 12977, New York",61
1369,8710000US3611021,"ZCTA5 11021, New York",8392
1370,8710000US3612169,"ZCTA5 12169, New York",160
1371,8710000US3612153,"ZCTA5 12153, New York",439
1372,8710000US3612449,"ZCTA5 12449, New York",1299
1373,8710000US3611542,"ZCTA5 11542, New York",10610
1374,8710000US3614777,"ZCTA5 14777, New York",706
1375,8710000US3613468,"ZCTA5 13468, New York",229
1376,8710000US3613618,"ZCTA5 13618, New York",2414
1377,8710000US3610167,"ZCTA5 10167, New York",0
1378,8710000US3612516,"ZCTA5 12516, New York",1018
1379,8710000US3614039,"ZCTA5 14039, New York",52
1380,8710000US3612052,"ZCTA5 12052, New York",756
1381,8710000US3612955,"ZCTA5 12955, New York",361
1382,8710000US3614075,"ZCTA5 14075, New York",18280
1383,8710000US3612824,"ZCTA5 12824, New York",868
1384,8710000US3612932,"ZCTA5 12932, New York",806
1385,8710000US3613074,"ZCTA5 13074, New York",1808
1386,8710000US3614806,"ZCTA5 14806, New York",1172
1387,8710000US3611965,"ZCTA5 11965, New York",832
1388,8710000US3612725,"ZCTA5 12725, New York",314
1389,8710000US3613619,"ZCTA5 13619, New York",4688
1390,8710000US3614550,"ZCTA5 14550, New York",795
1391,8710000US3611704,"ZCTA5 11704, New York",14088
1392,8710000US3612124,"ZCTA5 12124, New York",280
1393,8710000US3610952,"ZCTA5 10952, New York",9697
1394,8710000US3611101,"ZCTA5 11101, New York",12317
1395,8710000US3611219,"ZCTA5 11219, New York",28693
1396,8710000US3614025,"ZCTA5 14025, New York",1275
1397,8710000US3613807,"ZCTA5 13807, New York",700
1398,8710000US3614588,"ZCTA5 14588, New York",38
1399,8710000US3610607,"ZCTA5 10607, New York",2374
1400,8710000US3612205,"ZCTA5 12205, New York",12204
1401,8710000US3613212,"ZCTA5 13212, New York",9118
1402,8710000US3613320,"ZCTA5 13320, New York",1190
1403,8710000US3610028,"ZCTA5 10028, New York",28139
1404,8710000US3610925,"ZCTA5 10925, New York",2393
1405,8710000US3613072,"ZCTA5 13072, New York",482
1406,8710000US3614150,"ZCTA5 14150, New York",19750
1407,8710000US3614607,"ZCTA5 14607, New York",10568
1408,8710000US3611804,"ZCTA5 11804, New York",1773
1409,8710000US3613060,"ZCTA5 13060, New York",1191
1410,8710000US3611105,"ZCTA5 11105, New York",17416
1411,8710000US3614141,"ZCTA5 14141, New York",3313
1412,8710000US3610302,"ZCTA5 10302, New York",6427
1413,8710000US3612985,"ZCTA5 12985, New York",481
1414,8710000US3614516,"ZCTA5 14516, New York",1119
1415,8710000US3611372,"ZCTA5 11372, New York",25100
1416,8710000US3613110,"ZCTA5 13110, New York",1274
1417,8710000US3613112,"ZCTA5 13112, New York",837
1418,8710000US3613459,"ZCTA5 13459, New York",1091
1419,8710000US3614035,"ZCTA5 14035, New York",67
1420,8710000US3612206,"ZCTA5 12206, New York",8208
1421,8710000US3613042,"ZCTA5 13042, New York",1265
1422,8710000US3613215,"ZCTA5 13215, New York",5653
1423,8710000US3614715,"ZCTA5 14715, New York",1439
1424,8710000US3610546,"ZCTA5 10546, New York",476
1425,8710000US3610805,"ZCTA5 10805, New York",7975
1426,8710000US3612418,"ZCTA5 12418, New York",395
1427,8710000US3611932,"ZCTA5 11932, New York",1938
1428,8710000US3612860,"ZCTA5 12860, New York",510
1429,8710000US3613471,"ZCTA5 13471, New York",1462
1430,8710000US3611371,"ZCTA5 11371, New York",0
1431,8710000US3613680,"ZCTA5 13680, New York",505
1432,8710000US3612413,"ZCTA5 12413, New York",1658
1433,8710000US3611507,"ZCTA5 11507, New York",2540
1434,8710000US3611558,"ZCTA5 11558, New York",3099
1435,8710000US3612975,"ZCTA5 12975, New York",170
1436,8710000US3610040,"ZCTA5 10040, New York",16506
1437,8710000US3611941,"ZCTA5 11941, New York",928
1438,8710000US3612508,"ZCTA5 12508, New York",7703
1439,8710000US3613776,"ZCTA5 13776, New York",274
1440,8710000US3613039,"ZCTA5 13039, New York",6805
1441,8710000US3613157,"ZCTA5 13157, New York",754
1442,8710000US3613450,"ZCTA5 13450, New York",59
1443,8710000US3614533,"ZCTA5 14533, New York",795
1444,8710000US3612032,"ZCTA5 12032, New York",1343
1445,8710000US3612122,"ZCTA5 12122, New York",2763
1446,8710000US3612087,"ZCTA5 12087, New York",456
1447,8710000US3613057,"ZCTA5 13057, New York",6828
1448,8710000US3614032,"ZCTA5 14032, New York",2783
1449,8710000US3612749,"ZCTA5 12749, New York",439
1450,8710000US3613674,"ZCTA5 13674, New York",54
1451,8710000US3614571,"ZCTA5 14571, New York",802
1452,8710000US3612502,"ZCTA5 12502, New York",745
1453,8710000US3614502,"ZCTA5 14502, New York",4326
1454,8710000US3614720,"ZCTA5 14720, New York",338
1455,8710000US3610001,"ZCTA5 10001, New York",12476
1456,8710000US3613355,"ZCTA5 13355, New York",381
1457,8710000US3610567,"ZCTA5 10567, New York",6907
1458,8710000US3614202,"ZCTA5 14202, New York",2247
1459,8710000US3612883,"ZCTA5 12883, New York",2900
1460,8710000US3612192,"ZCTA5 12192, New York",771
1461,8710000US3612887,"ZCTA5 12887, New York",2391
1462,8710000US3612959,"ZCTA5 12959, New York",636
1463,8710000US3613117,"ZCTA5 13117, New York",85
1464,8710000US3614874,"ZCTA5 14874, New York",245
1465,8710000US3610990,"ZCTA5 10990, New York",7835
1466,8710000US3610304,"ZCTA5 10304, New York",15467
1467,8710000US3612788,"ZCTA5 12788, New York",1373
1468,8710000US3613650,"ZCTA5 13650, New York",1536
1469,8710000US3612570,"ZCTA5 12570, New York",2662
1470,8710000US3613834,"ZCTA5 13834, New York",68
1471,8710000US3614787,"ZCTA5 14787, New York",2675
1472,8710000US3610280,"ZCTA5 10280, New York",4962
1473,8710000US3612810,"ZCTA5 12810, New York",363
1474,8710000US3610518,"ZCTA5 10518, New York",466
1475,8710000US3611739,"ZCTA5 11739, New York",413
1476,8710000US3613743,"ZCTA5 13743, New York",1659
1477,8710000US3611731,"ZCTA5 11731, New York",10454
1478,8710000US3611752,"ZCTA5 11752, New York",3173
1479,8710000US3612526,"ZCTA5 12526, New York",1862
1480,8710000US3613617,"ZCTA5 13617, New York",3836
1481,8710000US3612736,"ZCTA5 12736, New York",123
1482,8710000US3613784,"ZCTA5 13784, New York",79
1483,8710000US3611425,"ZCTA5 11425, New York",0
1484,8710000US3612078,"ZCTA5 12078, New York",11840
1485,8710000US3614740,"ZCTA5 14740, New York",642
1486,8710000US3612989,"ZCTA5 12989, New York",863
1487,8710000US3614861,"ZCTA5 14861, New York",641
1488,8710000US3610977,"ZCTA5 10977, New York",15891
1489,8710000US3614094,"ZCTA5 14094, New York",22387
1490,8710000US3613327,"ZCTA5 13327, New York",1217
1491,8710000US3612173,"ZCTA5 12173, New York",784
1492,8710000US3612967,"ZCTA5 12967, New York",495
1493,8710000US3613341,"ZCTA5 13341, New York",40
1494,8710000US3611423,"ZCTA5 11423, New York",10165
1495,8710000US3611201,"ZCTA5 11201, New York",26390
1496,8710000US3611697,"ZCTA5 11697, New York",2698
1497,8710000US3612590,"ZCTA5 12590, New York",13905
1498,8710000US3613862,"ZCTA5 13862, New York",1775
1499,8710000US3614067,"ZCTA5 14067, New York",2018
1500,8710000US3610589,"ZCTA5 10589, New York",3972
1501,8710000US3610709,"ZCTA5 10709, New York",3781
1502,8710000US3610152,"ZCTA5 10152, New York",0
1503,8710000US3611514,"ZCTA5 11514, New York",1825
1504,8710000US3612131,"ZCTA5 12131, New York",85
1505,8710000US3613156,"ZCTA5 13156, New York",1315
1506,8710000US3611208,"ZCTA5 11208, New York",32069
1507,8710000US3611718,"ZCTA5 11718, New York",1156
1508,8710000US3613648,"ZCTA5 13648, New York",1640
1509,8710000US3614572,"ZCTA5 14572, New York",2463
1510,8710000US3614880,"ZCTA5 14880, New York",1028
1511,8710000US3611561,"ZCTA5 11561, New York",18418
1512,8710000US3612309,"ZCTA5 12309, New York",12449
1513,8710000US3611429,"ZCTA5 11429, New York",7791
1514,8710000US3613071,"ZCTA5 13071, New York",430
1515,8710000US3613473,"ZCTA5 13473, New York",463
1516,8710000US3610804,"ZCTA5 10804, New York",5183
1517,8710000US3613797,"ZCTA5 13797, New York",919
1518,8710000US3610017,"ZCTA5 10017, New York",12875
1519,8710000US3610464,"ZCTA5 10464, New York",2272
1520,8710000US3610562,"ZCTA5 10562, New York",11349
1521,8710000US3610974,"ZCTA5 10974, New York",1141
1522,8710000US3611709,"ZCTA5 11709, New York",2651
1523,8710000US3612724,"ZCTA5 12724, New York",189
1524,8710000US3613166,"ZCTA5 13166, New York",2354
1525,8710000US3612074,"ZCTA5 12074, New York",1516
1526,8710000US3614454,"ZCTA5 14454, New York",3560
1527,8710000US3612701,"ZCTA5 12701, New York",6521
1528,8710000US3612159,"ZCTA5 12159, New York",3456
1529,8710000US3610036,"ZCTA5 10036, New York",17958
1530,8710000US3612196,"ZCTA5 12196, New York",1228
1531,8710000US3613622,"ZCTA5 13622, New York",1478
1532,8710000US3614470,"ZCTA5 14470, New York",3378
1533,8710000US3612453,"ZCTA5 12453, New York",174
1534,8710000US3612421,"ZCTA5 12421, New York",633
1535,8710000US3612779,"ZCTA5 12779, New York",1489
1536,8710000US3610708,"ZCTA5 10708, New York",9667
1537,8710000US3612778,"ZCTA5 12778, New York",1064
1538,8710000US3613360,"ZCTA5 13360, New York",1010
1539,8710000US3613839,"ZCTA5 13839, New York",855
1540,8710000US3614559,"ZCTA5 14559, New York",7101
1541,8710000US3611579,"ZCTA5 11579, New York",2073
1542,8710000US3612946,"ZCTA5 12946, New York",3694
1543,8710000US3611563,"ZCTA5 11563, New York",9126
1544,8710000US3612041,"ZCTA5 12041, New York",195
1545,8710000US3612979,"ZCTA5 12979, New York",1175
1546,8710000US3611096,"ZCTA5 11096, New York",2702
1547,8710000US3610980,"ZCTA5 10980, New York",4973
1548,8710000US3614568,"ZCTA5 14568, New York",2276
1549,8710000US3612065,"ZCTA5 12065, New York",18030
1550,8710000US3614086,"ZCTA5 14086, New York",12609
1551,8710000US3613808,"ZCTA5 13808, New York",917
1552,8710000US3611050,"ZCTA5 11050, New York",11863
1553,8710000US3613331,"ZCTA5 13331, New York",919
1554,8710000US3614537,"ZCTA5 14537, New York",84
1555,8710000US3614542,"ZCTA5 14542, New York",43
1556,8710000US3612023,"ZCTA5 12023, New York",1088
1557,8710000US3614867,"ZCTA5 14867, New York",2458
1558,8710000US3614539,"ZCTA5 14539, New York",94
1559,8710000US3614846,"ZCTA5 14846, New York",418
1560,8710000US3610973,"ZCTA5 10973, New York",786
1561,8710000US3614624,"ZCTA5 14624, New York",14868
1562,8710000US3610604,"ZCTA5 10604, New York",4252
1563,8710000US3612456,"ZCTA5 12456, New York",245
1564,8710000US3614514,"ZCTA5 14514, New York",2614
1565,8710000US3612018,"ZCTA5 12018, New York",3378
1566,8710000US3612523,"ZCTA5 12523, New York",1014
1567,8710000US3610958,"ZCTA5 10958, New York",1112
1568,8710000US3612083,"ZCTA5 12083, New York",1839
1569,8710000US3614741,"ZCTA5 14741, New York",1270
1570,8710000US3612076,"ZCTA5 12076, New York",1440
1571,8710000US3612172,"ZCTA5 12172, New York",164
1572,8710000US3612186,"ZCTA5 12186, New York",2728
1573,8710000US3613367,"ZCTA5 13367, New York",4313
1574,8710000US3614886,"ZCTA5 14886, New York",3181
1575,8710000US3612750,"ZCTA5 12750, New York",120
1576,8710000US3610532,"ZCTA5 10532, New York",1743
1577,8710000US3613324,"ZCTA5 13324, New York",1438
1578,8710000US3612130,"ZCTA5 12130, New York",480
1579,8710000US3612042,"ZCTA5 12042, New York",144
1580,8710000US3610706,"ZCTA5 10706, New York",3621
1581,8710000US3614731,"ZCTA5 14731, New York",2568
1582,8710000US3612185,"ZCTA5 12185, New York",840
1583,8710000US3612450,"ZCTA5 12450, New York",211
1584,8710000US3612468,"ZCTA5 12468, New York",852
1585,8710000US3612866,"ZCTA5 12866, New York",17843
1586,8710000US3613830,"ZCTA5 13830, New York",2510
1587,8710000US3610011,"ZCTA5 10011, New York",33252
1588,8710000US3610020,"ZCTA5 10020, New York",0
1589,8710000US3610465,"ZCTA5 10465, New York",16889
1590,8710000US3612582,"ZCTA5 12582, New York",1420
1591,8710000US3611973,"ZCTA5 11973, New York",145
1592,8710000US3613626,"ZCTA5 13626, New York",1134
1593,8710000US3610509,"ZCTA5 10509, New York",7457
1594,8710000US3611411,"ZCTA5 11411, New York",6164
1595,8710000US3612503,"ZCTA5 12503, New York",521
1596,8710000US3614727,"ZCTA5 14727, New York",3382
1597,8710000US3611023,"ZCTA5 11023, New York",3261
1598,8710000US3612903,"ZCTA5 12903, New York",649
1599,8710000US3614616,"ZCTA5 14616, New York",12582
1600,8710000US3612404,"ZCTA5 12404, New York",1945
1601,8710000US3612784,"ZCTA5 12784, New York",59
1602,8710000US3614138,"ZCTA5 14138, New York",861
1603,8710000US3610986,"ZCTA5 10986, New York",720
1604,8710000US3611550,"ZCTA5 11550, New York",16859
1605,8710000US3613413,"ZCTA5 13413, New York",7198
1606,8710000US3613778,"ZCTA5 13778, New York",2818
1607,8710000US3614717,"ZCTA5 14717, New York",1062
1608,8710000US3613843,"ZCTA5 13843, New York",992
1609,8710000US3610968,"ZCTA5 10968, New York",1265
1610,8710000US3611961,"ZCTA5 11961, New York",6113
1611,8710000US3613469,"ZCTA5 13469, New York",332
1612,8710000US3611753,"ZCTA5 11753, New York",4295
1613,8710000US3613811,"ZCTA5 13811, New York",1859
1614,8710000US3612514,"ZCTA5 12514, New York",1384
1615,8710000US3612929,"ZCTA5 12929, New York",510
1616,8710000US3612942,"ZCTA5 12942, New York",589
1617,8710000US3614605,"ZCTA5 14605, New York",5304
1618,8710000US3614619,"ZCTA5 14619, New York",6179
1619,8710000US3611727,"ZCTA5 11727, New York",11652
1620,8710000US3611783,"ZCTA5 11783, New York",7400
1621,8710000US3612852,"ZCTA5 12852, New York",692
1622,8710000US3612943,"ZCTA5 12943, New York",603
1623,8710000US3613484,"ZCTA5 13484, New York",74
1624,8710000US3613692,"ZCTA5 13692, New York",299
1625,8710000US3610583,"ZCTA5 10583, New York",14301
1626,8710000US3610979,"ZCTA5 10979, New York",144
1627,8710000US3611768,"ZCTA5 11768, New York",8325
1628,8710000US3610473,"ZCTA5 10473, New York",21323
1629,8710000US3610962,"ZCTA5 10962, New York",1879
1630,8710000US3614719,"ZCTA5 14719, New York",1767
1631,8710000US3614707,"ZCTA5 14707, New York",114
1632,8710000US3612459,"ZCTA5 12459, New York",181
1633,8710000US3612123,"ZCTA5 12123, New York",2283
1634,8710000US3614462,"ZCTA5 14462, New York",258
1635,8710000US3614521,"ZCTA5 14521, New York",1390
1636,8710000US3610471,"ZCTA5 10471, New York",10054
1637,8710000US3612815,"ZCTA5 12815, New York",1112
1638,8710000US3611510,"ZCTA5 11510, New York",11104
1639,8710000US3612043,"ZCTA5 12043, New York",3498
1640,8710000US3613437,"ZCTA5 13437, New York",721
1641,8710000US3612521,"ZCTA5 12521, New York",1130
1642,8710000US3613069,"ZCTA5 13069, New York",10482
1643,8710000US3613326,"ZCTA5 13326, New York",3414
1644,8710000US3613486,"ZCTA5 13486, New York",368
1645,8710000US3614858,"ZCTA5 14858, New York",670
1646,8710000US3611228,"ZCTA5 11228, New York",18234
1647,8710000US3613860,"ZCTA5 13860, New York",44
1648,8710000US3614036,"ZCTA5 14036, New York",2201
1649,8710000US3614512,"ZCTA5 14512, New York",2629
1650,8710000US3610911,"ZCTA5 10911, New York",2
1651,8710000US3612862,"ZCTA5 12862, New York",29
1652,8710000US3610005,"ZCTA5 10005, New York",5317
1653,8710000US3610305,"ZCTA5 10305, New York",16187
1654,8710000US3611420,"ZCTA5 11420, New York",13743
1655,8710000US3613310,"ZCTA5 13310, New York",302
1656,8710000US3613730,"ZCTA5 13730, New York",1475
1657,8710000US3610026,"ZCTA5 10026, New York",15823
1658,8710000US3612460,"ZCTA5 12460, New York",161
1659,8710000US3613475,"ZCTA5 13475, New York",16
1660,8710000US3614060,"ZCTA5 14060, New York",252
1661,8710000US3614301,"ZCTA5 14301, New York",7396
1662,8710000US3610560,"ZCTA5 10560, New York",1905
1663,8710000US3612469,"ZCTA5 12469, New York",594
1664,8710000US3613158,"ZCTA5 13158, New York",815
1665,8710000US3613731,"ZCTA5 13731, New York",1287
1666,8710000US3610527,"ZCTA5 10527, New York",297
1667,8710000US3611749,"ZCTA5 11749, New York",1092
1668,8710000US3613439,"ZCTA5 13439, New York",2337
1669,8710000US3611706,"ZCTA5 11706, New York",21776
1670,8710000US3613777,"ZCTA5 13777, New York",299
1671,8710000US3614546,"ZCTA5 14546, New York",2108
1672,8710000US3611209,"ZCTA5 11209, New York",34679
1673,8710000US3612431,"ZCTA5 12431, New York",757
1674,8710000US3610701,"ZCTA5 10701, New York",25511
1675,8710000US3613051,"ZCTA5 13051, New York",71
1676,8710000US3612137,"ZCTA5 12137, New York",747
1677,8710000US3613420,"ZCTA5 13420, New York",2782
1678,8710000US3610451,"ZCTA5 10451, New York",17779
1679,8710000US3612183,"ZCTA5 12183, New York",1408
1680,8710000US3610601,"ZCTA5 10601, New York",6127
1681,8710000US3610985,"ZCTA5 10985, New York",19
1682,8710000US3611714,"ZCTA5 11714, New York",8213
1683,8710000US3611751,"ZCTA5 11751, New York",5513
1684,8710000US3612732,"ZCTA5 12732, New York",582
1685,8710000US3613695,"ZCTA5 13695, New York",180
1686,8710000US3614564,"ZCTA5 14564, New York",5888
1687,8710000US3610926,"ZCTA5 10926, New York",1305
1688,8710000US3613470,"ZCTA5 13470, New York",607
1689,8710000US3614069,"ZCTA5 14069, New York",418
1690,8710000US3611374,"ZCTA5 11374, New York",20225
1691,8710000US3612174,"ZCTA5 12174, New York",142
1692,8710000US3614024,"ZCTA5 14024, New York",807
1693,8710000US3612507,"ZCTA5 12507, New York",77
1694,8710000US3613077,"ZCTA5 13077, New York",2948
1695,8710000US3614227,"ZCTA5 14227, New York",11219
1696,8710000US3612783,"ZCTA5 12783, New York",1308
1697,8710000US3614120,"ZCTA5 14120, New York",20022
1698,8710000US3614126,"ZCTA5 14126, New York",383
1699,8710000US3612075,"ZCTA5 12075, New York",1595
1700,8710000US3613020,"ZCTA5 13020, New York",54
1701,8710000US3614736,"ZCTA5 14736, New York",195
1702,8710000US3610504,"ZCTA5 10504, New York",2735
1703,8710000US3614225,"ZCTA5 14225, New York",16108
1704,8710000US3614615,"ZCTA5 14615, New York",7489
1705,8710000US3610172,"ZCTA5 10172, New York",0
1706,8710000US3611756,"ZCTA5 11756, New York",14183
1707,8710000US3612027,"ZCTA5 12027, New York",1527
1708,8710000US3612198,"ZCTA5 12198, New York",3281
1709,8710000US3610022,"ZCTA5 10022, New York",23485
1710,8710000US3612489,"ZCTA5 12489, New York",259
1711,8710000US3613424,"ZCTA5 13424, New York",948
1712,8710000US3613693,"ZCTA5 13693, New York",1117
1713,8710000US3614486,"ZCTA5 14486, New York",128
1714,8710000US3614627,"ZCTA5 14627, New York",0
1715,8710000US3611233,"ZCTA5 11233, New York",29074
1716,8710000US3612550,"ZCTA5 12550, New York",20342
1717,8710000US3614302,"ZCTA5 14302, New York",107
1718,8710000US3611239,"ZCTA5 11239, New York",6335
1719,8710000US3612776,"ZCTA5 12776, New York",2034
1720,8710000US3614726,"ZCTA5 14726, New York",685
1721,8710000US3610523,"ZCTA5 10523, New York",2676
1722,8710000US3614135,"ZCTA5 14135, New York",55
1723,8710000US3610707,"ZCTA5 10707, New York",4356
1724,8710000US3611436,"ZCTA5 11436, New York",5924
1725,8710000US3612150,"ZCTA5 12150, New York",411
1726,8710000US3612304,"ZCTA5 12304, New York",9295
1727,8710000US3613464,"ZCTA5 13464, New York",592
1728,8710000US3614505,"ZCTA5 14505, New York",2164
1729,8710000US3612978,"ZCTA5 12978, New York",161
1730,8710000US3614898,"ZCTA5 14898, New York",747
1731,8710000US3612844,"ZCTA5 12844, New York",352
1732,8710000US3613754,"ZCTA5 13754, New York",2049
1733,8710000US3610976,"ZCTA5 10976, New York",642
1734,8710000US3612814,"ZCTA5 12814, New York",1822
1735,8710000US3614026,"ZCTA5 14026, New York",292
1736,8710000US3614208,"ZCTA5 14208, New York",5594
1737,8710000US3614102,"ZCTA5 14102, New York",484
1738,8710000US3612010,"ZCTA5 12010, New York",13788
1739,8710000US3612053,"ZCTA5 12053, New York",1851
1740,8710000US3612842,"ZCTA5 12842, New York",1499
1741,8710000US3613323,"ZCTA5 13323, New York",4459
1742,8710000US3610307,"ZCTA5 10307, New York",5354
1743,8710000US3613677,"ZCTA5 13677, New York",34
1744,8710000US3613827,"ZCTA5 13827, New York",5279
1745,8710000US3612019,"ZCTA5 12019, New York",5944
1746,8710000US3614145,"ZCTA5 14145, New York",674
1747,8710000US3611430,"ZCTA5 11430, New York",0
1748,8710000US3614468,"ZCTA5 14468, New York",7162
1749,8710000US3612804,"ZCTA5 12804, New York",11902
1750,8710000US3613774,"ZCTA5 13774, New York",131
1751,8710000US3614541,"ZCTA5 14541, New York",1279
1752,8710000US3614555,"ZCTA5 14555, New York",971
1753,8710000US3612913,"ZCTA5 12913, New York",646
1754,8710000US3614610,"ZCTA5 14610, New York",7618
1755,8710000US3612203,"ZCTA5 12203, New York",13677
1756,8710000US3614532,"ZCTA5 14532, New York",1869
1757,8710000US3611901,"ZCTA5 11901, New York",11250
1758,8710000US3613362,"ZCTA5 13362, New York",21
1759,8710000US3613628,"ZCTA5 13628, New York",99
1760,8710000US3613679,"ZCTA5 13679, New York",1612
1761,8710000US3614052,"ZCTA5 14052, New York",7271
1762,8710000US3611042,"ZCTA5 11042, New York",1
1763,8710000US3612524,"ZCTA5 12524, New York",6369
1764,8710000US3612937,"ZCTA5 12937, New York",718
1765,8710000US3612957,"ZCTA5 12957, New York",791
1766,8710000US3613061,"ZCTA5 13061, New York",754
1767,8710000US3613409,"ZCTA5 13409, New York",982
1768,8710000US3613603,"ZCTA5 13603, New York",3233
1769,8710000US3613142,"ZCTA5 13142, New York",3449
1770,8710000US3613421,"ZCTA5 13421, New York",6209
1771,8710000US3612886,"ZCTA5 12886, New York",195
1772,8710000US3611355,"ZCTA5 11355, New York",30681
1773,8710000US3613208,"ZCTA5 13208, New York",10211
1774,8710000US3614445,"ZCTA5 14445, New York",3687
1775,8710000US3611742,"ZCTA5 11742, New York",4798
1776,8710000US3610988,"ZCTA5 10988, New York",343
1777,8710000US3611226,"ZCTA5 11226, New York",37745
1778,8710000US3612166,"ZCTA5 12166, New York",619
1779,8710000US3612170,"ZCTA5 12170, New York",2007
1780,8710000US3611364,"ZCTA5 11364, New York",13835
1781,8710000US3612770,"ZCTA5 12770, New York",193
1782,8710000US3613601,"ZCTA5 13601, New York",16971
1783,8710000US3611004,"ZCTA5 11004, New York",5152
1784,8710000US3610311,"ZCTA5 10311, New York",0
1785,8710000US3611746,"ZCTA5 11746, New York",21578
1786,8710000US3614057,"ZCTA5 14057, New York",3296
1787,8710000US3610310,"ZCTA5 10310, New York",9043
1788,8710000US3611572,"ZCTA5 11572, New York",11093
1789,8710000US3611930,"ZCTA5 11930, New York",2452
1790,8710000US3611972,"ZCTA5 11972, New York",571
1791,8710000US3612960,"ZCTA5 12960, New York",538
1792,8710000US3610044,"ZCTA5 10044, New York",4913
1793,8710000US3612475,"ZCTA5 12475, New York",161
1794,8710000US3614109,"ZCTA5 14109, New York",1
